CustID,Recency,Frequency,Monetary,Cluster,Segment,Future_Revenue
12347,64,4,2434.96,1,At Risk,2486.57
12348,66,4,1709.4,1,At Risk,310.0
12349,225,3,2671.14,1,At Risk,1757.55
12352,79,7,1905.61,1,At Risk,944.23
12356,63,5,6313.38,1,At Risk,58.349999999999994
12357,205,2,12079.99,1,At Risk,6207.67
12358,193,3,2719.01,1,At Risk,1168.06
12359,7,9,6059.09,0,Lost,2814.3
12360,18,6,2674.41,2,Champions,1578.48
12362,43,3,1104.34,2,Champions,4251.89
12363,59,1,299.1,3,VIP,252.9
12370,91,6,3577.28,1,At Risk,739.28
12371,226,3,2179.42,1,At Risk,1887.96
12372,30,2,914.9200000000001,2,Champions,383.12
12374,238,3,2246.29,1,At Risk,742.9300000000001
12378,379,1,1407.7,3,VIP,4008.62
12379,239,2,767.98,1,At Risk,852.24
12380,3,8,7559.04,0,Lost,2117.26
12388,92,5,1886.7,1,At Risk,2014.41
12391,282,5,2285.18,1,At Risk,439.66
12393,63,5,1877.95,1,At Risk,521.5
12394,34,1,381.08,2,Champions,891.4
12395,29,9,3272.26,0,Lost,1448.91
12399,31,5,1622.6000000000001,2,Champions,339.7
12403,339,1,591.6600000000001,3,VIP,427.7
12406,1,4,4596.31,2,Champions,1794.05
12407,53,2,495.96,2,Champions,1212.16
12408,77,5,2289.81,1,At Risk,2050.96
12409,238,4,12346.619999999999,1,At Risk,11072.67
12412,219,3,1370.05,1,At Risk,1226.88
12413,53,3,805.25,2,Champions,194.20000000000002
12415,20,14,70427.74,0,Lost,74030.63
12417,4,16,5046.58,0,Lost,1750.83
12418,231,3,1352.62,1,At Risk,668.58
12421,136,3,449.01,1,At Risk,649.59
12422,142,15,4666.74,0,Lost,565.0600000000001
12423,9,8,2214.77,0,Lost,407.62
12424,240,2,1579.07,1,At Risk,1760.96
12425,265,1,964.21,3,VIP,777.2
12427,189,1,303.5,3,VIP,522.3
12428,60,6,6310.54,0,Lost,1645.92
12429,45,6,4173.49,0,Lost,2030.92
12431,18,19,7103.3,0,Lost,3328.92
12433,183,5,7205.39,1,At Risk,9588.75
12434,77,2,583.54,1,At Risk,519.89
12435,85,5,10075.03,1,At Risk,3850.9
12437,16,29,9707.08,0,Lost,2976.32
12445,238,1,301.58000000000004,3,VIP,133.4
12449,4,3,1627.53,2,Champions,3208.36
12450,216,3,490.32,1,At Risk,197.88
12451,35,5,8942.18,0,Lost,3727.7
12454,213,4,13151.44,1,At Risk,3528.34
12455,7,7,5376.39,0,Lost,503.56
12456,72,1,940.1700000000001,3,VIP,2240.87
12457,51,4,1699.93,1,At Risk,1295.98
12458,102,3,1272.01,1,At Risk,505.48
12462,120,1,762.11,3,VIP,427.48
12463,24,2,647.95,2,Champions,696.83
12464,18,4,544.8499999999999,2,Champions,667.1999999999999
12471,28,62,28491.46,0,Lost,11426.73
12472,85,15,12726.02,0,Lost,3523.27
12473,9,1,661.6899999999999,2,Champions,3266.36
12474,18,21,7767.79,0,Lost,4604.96
12475,227,1,426.26,3,VIP,723.38
12476,35,17,9712.59,0,Lost,4371.32
12477,56,5,11633.6,0,Lost,8642.77
12480,84,5,3770.4900000000002,1,At Risk,1694.36
12481,22,12,9689.74,0,Lost,2495.77
12483,1,16,3926.81,0,Lost,1170.3700000000001
12484,153,7,2965.45,1,At Risk,3388.65
12490,32,13,5601.43,0,Lost,4222.21
12492,220,1,452.0,3,VIP,263.21000000000004
12493,14,1,232.5,2,Champions,201.24
12494,13,6,1284.81,2,Champions,530.46
12497,218,2,5205.400000000001,1,At Risk,1043.1
12500,84,12,2907.59,0,Lost,3047.62
12502,35,3,1842.65,2,Champions,1881.22
12504,234,2,297.0,3,VIP,482.04999999999995
12507,116,2,985.41,1,At Risk,858.65
12510,142,8,4876.5,1,At Risk,301.52
12516,248,2,1336.56,1,At Risk,1312.06
12517,7,1,749.7,2,Champions,1731.9
12519,294,1,385.7,3,VIP,330.84
12520,22,3,1697.56,2,Champions,936.7
12523,70,16,3062.77,0,Lost,1289.58
12524,22,14,9473.77,0,Lost,1652.3400000000001
12527,112,4,671.72,1,At Risk,63.790000000000006
12528,94,2,771.66,1,At Risk,1161.82
12530,51,7,2901.98,1,At Risk,857.28
12531,503,1,1807.98,1,At Risk,125.22
12535,3,1,371.45,2,Champions,344.9
12538,195,1,276.5,3,VIP,363.95
12539,79,6,10164.09,0,Lost,1050.66
12540,3,23,15356.77,0,Lost,6897.72
12541,98,1,312.4,3,VIP,668.78
12545,77,1,628.15,3,VIP,372.24
12553,22,7,2651.09,0,Lost,1957.66
12557,73,6,10959.800000000001,0,Lost,7136.34
12562,15,3,1630.14,2,Champions,3336.78
12567,2,11,6823.2,0,Lost,4944.28
12569,1,6,1306.46,2,Champions,2818.23
12576,35,5,1248.54,2,Champions,894.18
12577,176,6,1186.3899999999999,1,At Risk,430.71
12578,147,3,3456.6,1,At Risk,1185.85
12583,18,17,9352.59,0,Lost,4238.99
12584,2,2,622.74,2,Champions,1715.41
12586,192,3,1865.73,1,At Risk,196.94000000000003
12588,216,3,743.88,1,At Risk,214.89999999999998
12589,239,6,4048.98,1,At Risk,646.68
12592,30,4,2376.86,2,Champions,205.8
12593,36,1,236.0,3,VIP,182.1
12594,1,12,3559.84,0,Lost,1530.27
12596,59,1,269.95,3,VIP,348.32
12597,85,1,516.15,3,VIP,3295.07
12598,38,6,2796.75,1,At Risk,1737.34
12599,25,9,1728.0,0,Lost,568.72
12600,21,17,3684.34,0,Lost,1283.08
12604,79,1,178.5,3,VIP,75.68
12609,3,8,3109.7400000000002,0,Lost,326.12
12613,15,9,4935.51,0,Lost,1881.8600000000001
12615,231,4,3449.79,1,At Risk,2291.19
12616,114,2,673.4,1,At Risk,457.7
12619,51,3,771.8,2,Champions,3009.58
12620,22,1,561.66,2,Champions,777.75
12621,17,25,17977.35,0,Lost,6333.85
12626,133,2,1274.1,1,At Risk,5346.38
12631,273,5,2841.07,1,At Risk,640.5
12633,14,5,5243.73,0,Lost,434.43
12635,209,2,1241.23,1,At Risk,1689.18
12637,56,8,4668.06,0,Lost,3615.75
12638,457,1,249.8,3,VIP,671.69
12643,38,9,6372.1,0,Lost,1932.72
12644,248,3,1440.58,1,At Risk,477.91
12645,37,6,2563.02,1,At Risk,976.28
12647,17,31,15535.039999999999,0,Lost,1420.51
12648,255,3,793.95,1,At Risk,318.05
12649,29,6,2046.1399999999999,2,Champions,248.51000000000002
12653,114,2,2730.08,1,At Risk,1430.75
12654,15,3,337.75,2,Champions,264.23
12656,21,5,4016.26,0,Lost,2391.57
12662,4,14,4714.84,0,Lost,2011.7
12664,49,4,2491.7400000000002,1,At Risk,3578.3
12668,76,9,10500.35,0,Lost,882.6800000000001
12669,66,2,2272.6,1,At Risk,471.43
12670,17,4,1790.6299999999999,2,Champions,1969.66
12673,144,2,840.4,1,At Risk,389.62
12674,25,1,586.74,2,Champions,1383.8600000000001
12676,7,8,2340.65,0,Lost,502.44
12678,5,15,22544.08,0,Lost,11737.1
12679,23,2,906.38,2,Champions,206.64000000000001
12681,4,36,24802.06,0,Lost,5032.7
12682,9,32,15947.69,0,Lost,7002.53
12683,2,16,8244.06,0,Lost,3389.64
12684,14,3,917.1,2,Champions,1366.53
12691,135,4,540.8,1,At Risk,629.6
12693,29,6,1477.88,2,Champions,225.14000000000001
12694,238,1,973.68,3,VIP,869.67
12695,27,4,914.27,2,Champions,492.85
12700,32,1,1092.43,2,Champions,3847.56
12701,59,5,1985.78,1,At Risk,460.63
12703,450,3,722.98,1,At Risk,283.55
12705,18,8,8057.91,0,Lost,3704.19
12708,18,13,3742.92,0,Lost,1374.74
12709,8,27,25708.37,0,Lost,4583.39
12710,18,1,718.96,2,Champions,430.06
12712,17,16,4594.38,0,Lost,2128.65
12714,24,9,11146.77,0,Lost,2946.94
12717,63,2,887.6700000000001,1,At Risk,421.24
12720,9,15,4347.32,0,Lost,3439.96
12721,63,5,2464.77,1,At Risk,1548.31
12724,149,4,1441.01,1,At Risk,876.51
12726,2,9,2872.82,0,Lost,1141.78
12727,4,8,4499.2300000000005,0,Lost,1180.3
12728,74,4,851.15,1,At Risk,219.01999999999998
12731,29,11,15109.89,0,Lost,10665.82
12739,203,2,1713.69,1,At Risk,1013.04
12744,66,8,14300.42,0,Lost,11016.64
12747,16,21,6793.87,0,Lost,2104.61
12748,1,218,30352.64,0,Lost,23187.0
12749,30,5,3665.58,0,Lost,3231.78
12753,65,4,12940.51,1,At Risk,8488.88
12757,2,6,4445.43,0,Lost,3389.2200000000003
12758,94,6,8681.84,1,At Risk,1221.4
12759,93,6,3934.1,1,At Risk,1086.64
12763,186,1,320.08,3,VIP,174.0
12766,57,6,5945.07,0,Lost,2973.92
12775,7,6,1464.76,2,Champions,221.36
12778,76,6,1361.51,1,At Risk,414.17
12779,7,13,5492.16,0,Lost,981.95
12781,102,1,549.26,3,VIP,277.48
12782,71,9,3850.27,0,Lost,767.97
12784,346,1,1230.33,3,VIP,532.8199999999999
12787,10,2,556.62,2,Champions,305.56
12789,329,2,181.5,3,VIP,91.85
12798,239,1,1533.8899999999999,1,At Risk,6977.04
12808,2,4,574.4,2,Champions,202.3
12809,383,2,1266.63,1,At Risk,489.31
12815,15,1,615.36,2,Champions,448.1
12820,144,8,1917.64,1,At Risk,771.88
12823,72,16,5736.5,0,Lost,765.0
12826,134,8,2023.13,1,At Risk,777.62
12836,36,13,5610.77,0,Lost,948.96
12837,386,1,528.5600000000001,3,VIP,134.1
12838,191,9,2694.75,1,At Risk,281.16
12839,15,16,5473.59,0,Lost,4195.53
12840,31,5,2893.17,2,Champions,1148.8
12841,39,27,4906.35,0,Lost,2051.85
12842,126,3,1109.73,1,At Risk,808.26
12843,3,26,5952.61,0,Lost,630.75
12844,259,2,322.64,3,VIP,325.96000000000004
12847,204,1,765.36,3,VIP,843.64
12849,86,5,2701.0299999999997,1,At Risk,341.44
12851,294,1,148.95,3,VIP,131.81
12853,56,8,2835.4,0,Lost,1072.1
12854,58,6,2465.09,1,At Risk,505.88
12863,196,5,2271.35,1,At Risk,521.2
12864,325,1,152.45,3,VIP,147.12
12865,195,2,1755.24,1,At Risk,1568.23
12867,31,10,5549.31,0,Lost,2279.95
12871,24,2,495.38,2,Champions,248.64
12875,180,4,1307.52,1,At Risk,49.470000000000006
12876,13,3,2590.2000000000003,2,Champions,1491.59
12877,18,15,2088.41,0,Lost,853.73
12886,37,1,775.0,2,Champions,603.4
12890,204,1,329.3,3,VIP,376.71999999999997
12901,1,12,8061.8,0,Lost,9592.74
12908,130,4,1344.0,1,At Risk,432.0
12909,19,6,2452.89,2,Champions,650.3
12910,15,8,3863.98,0,Lost,1932.54
12913,100,11,4666.0,0,Lost,1617.24
12915,190,3,811.1,1,At Risk,164.0
12916,19,6,3786.36,0,Lost,693.37
12917,217,5,3765.2,1,At Risk,594.0
12920,388,3,323.86,3,VIP,162.78
12921,2,52,24717.47,0,Lost,10515.77
12923,207,2,597.6,3,VIP,172.82
12924,15,11,2190.9700000000003,0,Lost,278.43
12925,410,1,35.28,3,VIP,694.05
12928,59,9,3022.23,0,Lost,1282.66
12931,21,49,54212.08,0,Lost,38135.26
12933,101,6,1139.85,1,At Risk,496.78
12935,21,10,2949.39,0,Lost,1294.47
12937,14,7,2021.57,2,Champions,1076.04
12939,90,15,20911.32,0,Lost,4353.48
12942,15,2,396.52000000000004,2,Champions,279.08
12944,172,1,286.95,3,VIP,317.56
12947,1,4,1338.89,2,Champions,265.1
12948,32,5,1138.74,2,Champions,1178.69
12949,23,17,13610.18,0,Lost,1916.52
12951,21,13,2774.53,0,Lost,439.19
12953,339,1,498.96000000000004,3,VIP,329.85
12955,21,3,697.42,2,Champions,4059.74
12957,3,9,6404.72,0,Lost,2302.25
12963,183,5,1744.96,1,At Risk,1490.83
12970,139,8,1071.93,1,At Risk,381.67
12971,7,71,9374.03,0,Lost,6330.57
12977,319,3,474.64,3,VIP,39.239999999999995
12980,5,19,14329.86,0,Lost,1915.92
12987,15,4,1057.81,2,Champions,254.4
12989,17,25,9955.58,0,Lost,3596.17
12990,2,6,809.9,2,Champions,145.6
12991,206,1,261.06,3,VIP,503.76
12993,25,6,1020.17,2,Champions,239.46
12994,86,1,352.6,3,VIP,621.82
12997,53,6,1492.49,1,At Risk,618.42
13000,77,3,956.1800000000001,1,At Risk,76.32000000000001
13001,2,30,22069.18,0,Lost,1973.47
13003,32,1,59.050000000000004,3,VIP,90.0
13004,1,26,8755.96,0,Lost,2894.89
13005,63,3,807.63,1,At Risk,192.05
13012,30,6,2018.38,2,Champions,939.45
13013,30,20,8658.78,0,Lost,2438.65
13014,37,4,3242.83,1,At Risk,2138.25
13015,14,10,5003.18,0,Lost,1576.6
13018,13,18,6159.42,0,Lost,3603.7400000000002
13021,33,11,3035.86,0,Lost,1851.38
13023,346,1,759.13,3,VIP,689.9
13026,38,6,1001.44,2,Champions,731.64
13027,51,16,14167.2,0,Lost,3072.0
13029,170,3,1062.3,1,At Risk,865.0
13030,185,1,402.36,3,VIP,350.08
13032,209,7,1805.78,1,At Risk,1010.18
13034,186,2,279.91,3,VIP,476.90999999999997
13035,78,2,775.32,1,At Risk,588.88
13037,36,11,3611.2000000000003,0,Lost,303.75
13038,1,2,591.76,2,Champions,316.70000000000005
13045,218,2,503.64,3,VIP,305.28000000000003
13046,83,2,517.66,3,VIP,431.59
13047,36,20,6862.67,0,Lost,1565.8600000000001
13048,55,7,3153.14,1,At Risk,895.99
13049,135,3,905.34,1,At Risk,502.90000000000003
13050,2,28,9608.79,0,Lost,2377.73
13055,31,2,1451.56,2,Champions,869.55
13064,144,3,764.55,1,At Risk,902.2900000000001
13067,227,2,393.05,3,VIP,115.46000000000001
13068,137,1,165.0,3,VIP,179.0
13069,7,29,7531.77,0,Lost,1752.68
13077,107,10,2588.82,1,At Risk,151.83
13078,18,41,20857.28,0,Lost,8160.78
13079,234,1,199.08,3,VIP,220.10000000000002
13080,218,3,222.65,3,VIP,58.08
13081,35,24,42964.5,0,Lost,13873.87
13082,53,17,5682.3,0,Lost,1653.45
13083,242,1,91.67999999999999,3,VIP,303.75
13085,112,7,2295.3,1,At Risk,137.98000000000002
13089,3,160,84122.0,0,Lost,29294.91
13090,56,17,7292.5199999999995,0,Lost,5799.22
13091,546,2,1976.0,1,At Risk,345.82
13092,29,11,2102.2,0,Lost,38.08
13094,9,9,1375.2,2,Champions,834.2400000000001
13097,50,23,10323.04,0,Lost,3001.06
13098,3,9,7734.97,0,Lost,21147.47
13102,16,28,8725.17,0,Lost,2654.93
13103,255,2,465.70000000000005,3,VIP,243.94
13104,84,5,824.34,1,At Risk,884.76
13106,230,1,526.96,3,VIP,76.5
13107,151,6,4288.29,1,At Risk,964.78
13109,368,1,347.49,3,VIP,786.54
13110,74,8,2201.29,1,At Risk,756.1800000000001
13113,10,29,14840.27,0,Lost,3389.8
13115,1,7,4078.4700000000003,0,Lost,1416.23
13117,35,16,2022.12,0,Lost,233.54
13118,25,7,2017.3,0,Lost,398.11
13122,57,1,903.67,2,Champions,18.72
13124,69,3,3401.8,1,At Risk,1239.86
13126,70,10,2752.59,0,Lost,1022.22
13131,5,5,2565.37,2,Champions,748.4
13134,1,5,1567.39,2,Champions,907.84
13136,29,9,4241.41,0,Lost,2033.15
13137,70,10,4831.09,0,Lost,2755.85
13138,58,3,698.47,1,At Risk,575.54
13139,32,3,4308.06,2,Champions,3894.92
13140,183,3,790.71,1,At Risk,264.21
13141,31,16,6668.36,0,Lost,987.72
13145,189,4,805.0,1,At Risk,323.52000000000004
13148,50,20,6593.9400000000005,0,Lost,1903.88
13149,106,1,376.74,3,VIP,1299.32
13155,144,4,967.92,1,At Risk,402.56
13157,58,7,4444.08,0,Lost,1243.28
13158,136,2,563.53,3,VIP,944.65
13162,1,15,8892.64,0,Lost,382.85
13165,168,2,784.32,1,At Risk,666.84
13167,207,1,333.82,3,VIP,791.33
13168,16,4,1494.2,2,Champions,346.53000000000003
13169,69,2,632.4000000000001,1,At Risk,207.68
13171,116,1,140.35,3,VIP,328.06
13173,184,10,2212.11,1,At Risk,187.71
13174,133,11,7286.6,0,Lost,708.76
13177,248,1,229.75,3,VIP,282.45
13178,21,15,11052.92,0,Lost,3006.27
13183,25,9,4605.4800000000005,0,Lost,2430.7000000000003
13184,2,5,919.97,2,Champions,748.98
13192,22,5,2110.96,2,Champions,447.62
13194,239,1,412.08,3,VIP,60.7
13196,79,4,1783.19,1,At Risk,1285.65
13198,67,5,3660.7400000000002,1,At Risk,1313.49
13199,14,45,9887.25,0,Lost,6076.96
13203,59,7,1944.5,1,At Risk,703.75
13207,268,2,285.6,3,VIP,250.26000000000002
13208,24,6,1452.61,2,Champions,523.69
13209,45,8,4980.34,0,Lost,3529.17
13211,178,8,1634.05,1,At Risk,984.72
13213,16,8,2746.2200000000003,0,Lost,1105.3
13217,472,1,132.5,3,VIP,533.98
13220,3,4,1243.29,2,Champions,92.8
13225,14,13,13538.11,0,Lost,2721.96
13230,19,25,5128.01,0,Lost,992.0
13232,13,3,674.9,2,Champions,653.45
13233,153,3,875.58,1,At Risk,300.88
13238,177,3,397.05,3,VIP,609.58
13240,74,6,1254.55,1,At Risk,221.24
13242,31,6,533.0,2,Champions,166.4
13245,249,1,558.72,3,VIP,430.5
13246,24,9,3016.27,0,Lost,335.48
13248,6,1,387.46999999999997,2,Champions,78.21000000000001
13249,78,7,1189.3600000000001,1,At Risk,419.57000000000005
13253,156,3,2397.19,1,At Risk,553.92
13255,191,2,504.95,3,VIP,173.81
13258,22,3,535.4699999999999,2,Champions,473.96
13259,215,8,1119.36,1,At Risk,283.18
13263,8,19,4679.67,0,Lost,3996.53
13265,1,3,1450.66,2,Champions,642.0
13266,2,13,4127.21,0,Lost,2007.83
13267,17,28,7118.46,0,Lost,2311.35
13268,16,5,1810.34,2,Champions,1364.41
13269,35,18,5239.32,0,Lost,3298.0
13276,214,3,1300.98,1,At Risk,590.9300000000001
13277,197,3,264.9,3,VIP,258.4
13278,217,3,893.12,1,At Risk,542.73
13280,133,6,2177.83,1,At Risk,115.5
13282,38,2,525.75,2,Champions,787.44
13283,3,3,305.2,2,Champions,68.16
13285,43,4,1828.74,1,At Risk,1535.85
13291,231,10,2909.68,1,At Risk,361.11
13292,101,4,665.14,1,At Risk,329.37
13296,240,5,705.11,1,At Risk,87.4
13297,202,3,2278.77,1,At Risk,2089.85
13300,205,2,913.62,1,At Risk,371.89
13301,40,2,327.77,2,Champions,290.32
13302,344,1,95.45,3,VIP,63.75
13305,62,10,2255.8,0,Lost,1360.61
13307,304,2,258.34,3,VIP,15.0
13308,20,2,1099.81,2,Champions,570.5600000000001
13309,23,3,796.22,2,Champions,910.15
13310,23,4,1226.82,2,Champions,314.38
13313,32,9,2499.7400000000002,0,Lost,945.58
13316,71,7,8830.37,0,Lost,4110.45
13317,16,18,5526.3910000000005,0,Lost,959.7
13319,4,45,15487.57,0,Lost,5835.650000000001
13320,31,4,1188.01,2,Champions,1023.59
13324,20,15,7190.51,0,Lost,3322.96
13327,3,17,7379.06,0,Lost,1755.42
13329,184,7,4323.97,1,At Risk,484.79999999999995
13330,3,5,2383.39,2,Champions,412.71
13334,8,4,5408.07,2,Champions,793.73
13338,359,3,1958.6,1,At Risk,487.02
13340,94,6,15042.11,0,Lost,7058.45
13344,95,1,1656.15,1,At Risk,855.54
13359,220,1,603.75,3,VIP,439.56
13362,63,5,3884.86,1,At Risk,1509.21
13363,227,1,731.36,3,VIP,992.5
13365,35,1,700.6,2,Champions,1524.77
13373,93,4,5262.64,1,At Risk,2324.55
13375,262,1,1013.58,3,VIP,778.65
13376,21,2,770.0,2,Champions,249.76
13381,24,8,5656.41,0,Lost,2567.96
13384,207,4,2528.9,1,At Risk,4151.93
13388,421,1,508.55,3,VIP,677.1
13389,50,1,257.89,3,VIP,540.07
13394,32,14,5037.01,0,Lost,1584.69
13396,136,1,387.27000000000004,3,VIP,973.72
13397,112,7,2249.51,1,At Risk,942.36
13402,189,3,913.9000000000001,1,At Risk,312.95
13403,205,2,154.5,3,VIP,75.0
13404,30,1,217.81,2,Champions,34.68
13405,21,5,1198.81,2,Champions,15.001
13408,8,70,33562.652,0,Lost,16612.13
13410,4,7,1743.94,2,Champions,458.02
13414,114,4,1493.64,1,At Risk,1000.5
13416,553,1,228.3,3,VIP,712.5
13417,22,5,1264.66,2,Champions,404.83
13418,21,22,8772.83,0,Lost,2786.83
13421,107,7,3050.08,1,At Risk,1008.67
13425,112,3,2167.79,1,At Risk,1222.64
13426,56,16,5811.08,0,Lost,2356.3
13427,32,4,638.4300000000001,2,Champions,368.1
13428,331,2,276.76,3,VIP,201.78
13431,223,6,2047.14,1,At Risk,1269.1
13434,202,3,1132.6200000000001,1,At Risk,534.24
13435,6,3,1081.16,2,Champions,3366.17
13437,7,1,1440.9,2,Champions,1967.16
13441,249,1,424.26,3,VIP,296.64
13448,36,11,6634.5,0,Lost,2111.4300000000003
13450,22,9,2754.86,0,Lost,1365.1799999999998
13451,28,9,5781.28,0,Lost,1308.78
13453,107,2,609.71,1,At Risk,171.98
13455,183,5,1847.59,1,At Risk,365.4
13456,24,1,207.66,2,Champions,1559.0600000000002
13458,7,9,8572.78,0,Lost,3386.4900000000002
13461,224,3,2715.0,1,At Risk,1445.0
13464,212,5,2422.96,1,At Risk,674.68
13468,18,56,10679.43,0,Lost,2113.85
13473,150,7,2476.38,1,At Risk,181.38
13476,98,4,1550.6000000000001,1,At Risk,510.87
13477,28,7,1880.62,2,Champions,938.55
13481,9,8,3005.27,0,Lost,825.57
13487,30,4,680.27,2,Champions,166.6
13488,14,16,10768.08,0,Lost,3437.88
13489,106,2,235.68,3,VIP,213.84
13491,64,25,4283.47,0,Lost,184.19
13492,32,1,315.3,2,Champions,954.54
13495,49,8,3890.87,0,Lost,972.44
13496,177,1,501.01,3,VIP,152.32
13499,42,2,463.79,2,Champions,695.3199999999999
13500,218,1,299.53,3,VIP,1166.77
13502,92,4,677.66,1,At Risk,102.84
13503,296,5,1642.39,1,At Risk,216.85
13505,9,2,1916.09,2,Champions,2477.54
13509,71,4,785.02,1,At Risk,329.7
13510,1,8,3352.05,0,Lost,1206.24
13513,258,2,619.49,3,VIP,205.1
13514,246,3,663.7,1,At Risk,152.20000000000002
13515,65,3,578.1,1,At Risk,687.72
13516,56,2,441.85,2,Champions,1243.41
13519,260,1,220.46,3,VIP,122.75
13520,2,9,5073.63,0,Lost,1532.37
13523,17,4,2938.93,2,Champions,1595.64
13524,37,1,159.20000000000002,3,VIP,520.98
13525,65,1,282.88,3,VIP,345.9
13527,19,7,2884.57,0,Lost,1656.72
13529,22,1,181.1,2,Champions,126.66000000000001
13533,84,2,144.94,3,VIP,124.14999999999999
13534,4,27,4803.9,0,Lost,2917.0
13538,92,7,2326.58,1,At Risk,776.55
13539,57,6,1253.67,1,At Risk,315.69
13544,58,5,627.15,1,At Risk,163.05
13546,18,3,647.41,2,Champions,438.83
13548,61,2,504.29,2,Champions,397.15
13549,10,4,600.15,2,Champions,405.65
13552,22,15,5070.14,0,Lost,1878.78
13555,19,11,6383.01,0,Lost,2508.83
13557,98,12,2688.88,0,Lost,343.38
13562,62,6,3642.12,1,At Risk,1196.06
13564,171,36,15948.33,0,Lost,550.64
13565,151,2,284.76,3,VIP,130.04
13566,252,3,831.76,1,At Risk,856.84
13569,185,3,497.74,1,At Risk,228.8
13571,2,18,2955.63,0,Lost,1581.63
13573,70,5,646.04,1,At Risk,258.48
13576,5,18,7621.26,0,Lost,3581.33
13577,59,8,2158.43,1,At Risk,1330.85
13579,186,4,1072.0,1,At Risk,302.34
13583,496,1,664.001,3,VIP,781.03
13587,266,3,961.1,1,At Risk,712.4
13588,72,1,113.30000000000001,3,VIP,2365.65
13589,266,4,741.09,1,At Risk,379.65
13590,17,15,5266.15,0,Lost,1069.89
13591,21,6,1753.04,2,Champions,340.9
13592,23,3,205.51,2,Champions,42.45
13593,81,12,4479.16,0,Lost,1014.13
13594,303,1,136.35000000000002,3,VIP,396.97
13598,312,4,601.92,1,At Risk,160.04
13599,15,19,6666.78,0,Lost,3144.26
13601,28,3,839.87,2,Champions,320.12
13602,199,3,596.28,1,At Risk,428.89
13606,60,2,246.63,3,VIP,30.119999999999997
13607,220,1,400.3,3,VIP,675.51
13610,4,10,1485.75,0,Lost,617.96
13611,177,8,2446.6800000000003,1,At Risk,851.25
13614,148,3,953.03,1,At Risk,1379.71
13617,225,5,734.57,1,At Risk,544.18
13623,27,9,2344.49,0,Lost,188.57
13627,22,4,1213.35,2,Champions,1032.55
13629,28,12,8466.5,0,Lost,4904.36
13630,1,3,1051.84,2,Champions,979.9399999999999
13631,19,4,1330.0,2,Champions,1740.42
13632,51,5,2137.57,1,At Risk,1508.24
13634,59,13,4084.02,0,Lost,949.75
13635,260,3,1928.1299999999999,1,At Risk,1071.03
13636,70,3,541.45,1,At Risk,407.66999999999996
13637,4,2,678.65,2,Champions,125.65
13639,254,1,312.93,3,VIP,1033.34
13643,3,8,1725.23,2,Champions,431.54
13647,52,5,1818.2,1,At Risk,1223.48
13650,24,6,2197.18,2,Champions,1090.82
13651,199,1,132.65,3,VIP,94.2
13652,74,4,1805.21,1,At Risk,456.84000000000003
13654,19,8,4773.51,0,Lost,1534.49
13655,59,5,1731.19,1,At Risk,549.32
13656,154,3,861.9,1,At Risk,216.95
13657,19,1,152.34,2,Champions,229.8
13658,21,5,4319.63,0,Lost,1705.87
13662,29,10,1868.79,0,Lost,364.82
13663,197,4,1858.04,1,At Risk,189.47
13666,104,4,107.3,3,VIP,20.6
13668,4,26,10674.33,0,Lost,2274.15
13669,224,1,195.0,3,VIP,218.55
13675,102,1,308.44,3,VIP,178.38000000000002
13680,155,10,10092.14,0,Lost,1327.53
13686,197,2,337.04,3,VIP,72.0
13689,262,1,349.5,3,VIP,910.0
13692,31,4,2497.66,2,Champions,616.74
13694,10,119,158800.42,0,Lost,36840.27
13695,6,6,892.52,2,Champions,1878.21
13699,367,1,455.57,3,VIP,308.58000000000004
13700,57,8,1275.51,1,At Risk,1321.46
13705,191,5,1323.47,1,At Risk,393.72
13709,132,6,1718.0,1,At Risk,5853.35
13710,241,2,329.04,3,VIP,180.48
13717,58,4,888.88,1,At Risk,874.42
13719,22,8,2080.14,0,Lost,702.94
13720,55,2,432.1,2,Champions,367.8
13721,212,1,217.39999999999998,3,VIP,524.14
13722,100,8,4723.47,1,At Risk,911.94
13725,42,6,1751.6,1,At Risk,228.96
13727,429,6,740.6700000000001,1,At Risk,333.48
13728,16,13,2332.96,0,Lost,522.21
13735,51,10,7814.38,0,Lost,1948.39
13736,77,6,2380.2,1,At Risk,372.27
13739,345,1,75.3,3,VIP,216.9
13741,1,2,363.13,2,Champions,305.3
13742,1,8,2139.87,2,Champions,968.0
13743,34,2,353.15999999999997,2,Champions,988.4399999999999
13744,109,1,817.3199999999999,3,VIP,263.2
13745,363,1,477.32,3,VIP,300.04
13748,49,7,1696.95,1,At Risk,367.4
13750,114,8,2643.7200000000003,1,At Risk,958.46
13752,2,5,1295.98,2,Champions,283.85
13754,134,2,320.45,3,VIP,126.6
13756,1,14,5178.240000000001,0,Lost,3477.71
13758,18,13,7859.1,0,Lost,839.03
13760,73,4,1211.94,1,At Risk,151.70000000000002
13761,319,4,881.52,1,At Risk,1070.65
13763,234,2,3502.48,1,At Risk,1714.96
13764,154,4,1900.09,1,At Risk,1019.53
13767,20,58,23924.5,0,Lost,9979.07
13769,25,15,4129.62,0,Lost,1348.5
13771,16,7,4559.22,0,Lost,1169.6
13772,57,6,2205.81,1,At Risk,894.21
13777,1,49,35017.42,0,Lost,14620.84
13778,308,3,945.79,1,At Risk,178.7
13780,224,1,372.06,3,VIP,360.01
13782,51,9,1238.52,1,At Risk,547.56
13784,3,9,1475.87,2,Champions,1434.36
13787,181,5,1019.86,1,At Risk,202.64000000000001
13792,104,2,263.0,3,VIP,120.95
13798,4,86,61076.74,0,Lost,14352.130000000001
13799,111,8,2456.41,1,At Risk,347.15999999999997
13802,72,18,24790.75,0,Lost,1468.3600000000001
13804,107,3,1296.3600000000001,1,At Risk,1864.76
13813,345,4,1398.61,1,At Risk,1366.8600000000001
13814,344,1,678.2,3,VIP,1579.12
13815,136,5,4460.39,1,At Risk,3015.35
13817,169,1,128.7,3,VIP,254.28
13821,79,5,1263.59,1,At Risk,115.49
13823,197,5,2445.79,1,At Risk,957.66
13824,20,10,2848.8,0,Lost,465.96
13831,17,15,5480.54,0,Lost,1105.0
13832,239,1,557.6899999999999,3,VIP,52.199999999999996
13833,221,1,316.56,3,VIP,383.85
13835,32,4,589.15,2,Champions,506.12
13838,187,7,1245.91,1,At Risk,444.16
13842,17,15,3762.19,0,Lost,1557.15
13846,59,3,1106.66,1,At Risk,201.13
13848,115,7,2695.0,1,At Risk,320.0
13849,215,3,1931.35,1,At Risk,1537.95
13851,105,6,2201.32,1,At Risk,2405.14
13854,13,30,8994.58,0,Lost,2949.98
13856,1,10,972.53,2,Champions,169.5
13862,4,5,1499.24,2,Champions,1056.85
13865,4,2,282.52,2,Champions,219.04
13867,35,1,138.85,3,VIP,866.24
13869,80,9,6486.38,0,Lost,1510.49
13870,105,8,3485.17,1,At Risk,2226.91
13871,24,9,3878.33,0,Lost,4007.52
13873,36,7,879.72,2,Champions,159.20000000000002
13875,1,12,4095.46,0,Lost,718.91
13877,287,2,332.44,3,VIP,117.24
13878,365,3,1145.33,1,At Risk,1271.57
13880,4,10,2413.66,0,Lost,1880.2
13881,31,27,31589.04,0,Lost,13590.06
13883,36,14,5628.32,0,Lost,931.7
13884,94,8,1233.68,1,At Risk,591.35
13888,35,6,1635.48,2,Champions,366.11
13889,199,5,1574.3300000000002,1,At Risk,416.90000000000003
13890,176,5,1233.92,1,At Risk,1693.46
13892,64,3,689.1999999999999,1,At Risk,578.4499999999999
13894,127,1,160.85,3,VIP,403.77000000000004
13895,333,2,1415.45,1,At Risk,2593.07
13897,255,2,849.56,1,At Risk,311.16
13899,92,1,298.5,3,VIP,90.02
13900,10,5,1602.09,2,Champions,8.5
13901,73,12,3457.44,0,Lost,2218.9
13904,112,1,201.12,3,VIP,131.52
13908,32,2,831.11,2,Champions,1538.44
13911,14,17,3357.99,0,Lost,877.0
13917,8,1,65.38,2,Champions,206.66
13918,70,1,198.2,3,VIP,1014.64
13919,242,2,975.87,1,At Risk,384.81
13927,254,1,359.27,3,VIP,348.99
13929,143,10,3064.2999999999997,1,At Risk,429.79999999999995
13931,98,10,4398.06,0,Lost,859.32
13936,200,2,563.08,3,VIP,376.58
13937,220,1,721.28,3,VIP,158.85
13939,129,5,1176.91,1,At Risk,384.05
13941,115,12,7033.18,0,Lost,2994.0
13946,19,5,1800.63,2,Champions,75.6
13950,64,1,179.30999999999997,3,VIP,565.75
13951,53,2,516.05,2,Champions,158.4
13953,28,8,4875.0,0,Lost,1765.68
13955,123,2,426.21,3,VIP,117.86
13956,60,2,290.32,3,VIP,728.95
13959,98,5,808.17,1,At Risk,256.6
13962,63,2,310.85,3,VIP,51.95
13967,213,1,85.6,3,VIP,80.7
13969,35,23,5452.47,0,Lost,7520.99
13971,31,9,2883.83,0,Lost,1783.74
13972,19,1,145.9,2,Champions,44.349999999999994
13974,399,1,264.13,3,VIP,413.59000000000003
13975,33,8,3749.17,0,Lost,1507.23
13979,210,6,2510.06,1,At Risk,869.87
13980,256,4,568.68,1,At Risk,200.14
13982,143,7,2986.2799999999997,1,At Risk,968.01
13983,4,17,5831.52,0,Lost,922.37
13984,67,10,1690.52,1,At Risk,203.28
13985,1,10,4126.03,0,Lost,5894.83
13988,18,4,1965.92,2,Champions,2791.88
13989,56,4,1656.65,1,At Risk,369.40999999999997
13992,197,2,142.7,3,VIP,76.8
13993,23,14,4802.17,0,Lost,1973.54
13995,63,10,2818.77,0,Lost,1083.24
13999,31,21,6847.27,0,Lost,2654.9900000000002
14001,50,8,3494.91,0,Lost,733.94
14004,106,5,2575.83,1,At Risk,3682.62
14005,33,1,187.16,3,VIP,2687.56
14006,58,6,1896.57,1,At Risk,300.1
14013,93,3,730.05,1,At Risk,354.52
14014,193,2,1443.03,1,At Risk,505.18
14016,25,10,10426.83,0,Lost,976.58
14020,293,2,606.21,3,VIP,642.8
14021,28,6,1586.38,2,Champions,130.2
14023,67,1,273.14,3,VIP,310.93
14024,208,1,318.04,3,VIP,327.7
14030,60,17,6597.98,0,Lost,923.82
14031,13,36,29637.21,0,Lost,9382.300000000001
14032,23,10,3106.39,0,Lost,1440.02
14035,85,6,2067.31,1,At Risk,727.44
14037,182,5,801.55,1,At Risk,35.400000000000006
14038,24,3,2225.82,2,Champions,844.0600000000001
14039,393,1,115.08000000000001,3,VIP,152.2
14040,32,28,10401.97,0,Lost,2121.84
14044,127,7,2601.72,1,At Risk,475.98
14045,155,15,10578.63,0,Lost,408.0
14047,17,12,3295.42,0,Lost,672.69
14049,18,11,10462.49,0,Lost,2560.91
14051,30,25,11994.07,0,Lost,9776.91
14052,208,1,241.3,3,VIP,225.36
14053,214,2,312.05,3,VIP,260.25
14055,395,2,795.3199999999999,3,VIP,725.6400000000001
14056,1,11,3653.83,0,Lost,4498.88
14057,16,13,4805.23,0,Lost,3541.43
14060,1,22,6152.92,0,Lost,2745.32
14062,56,18,19955.43,0,Lost,5630.22
14064,29,13,2768.06,0,Lost,492.18
14071,77,2,356.81,3,VIP,1080.76
14075,78,4,1100.53,1,At Risk,634.34
14077,42,3,315.27,2,Champions,299.81
14078,1,8,1332.01,2,Champions,221.46
14079,499,1,243.63,3,VIP,375.1
14080,230,4,1070.08,1,At Risk,45.599999999999994
14083,16,7,553.23,2,Champions,528.96
14085,15,25,8084.54,0,Lost,1636.13
14087,222,2,638.0,3,VIP,191.47
14088,7,6,28899.83,0,Lost,35136.97
14092,13,16,4950.01,0,Lost,2279.44
14099,35,14,3968.2000000000003,0,Lost,1782.71
14101,15,11,8144.53,0,Lost,1817.4
14104,206,3,527.3199999999999,1,At Risk,216.20999999999998
14107,37,8,3649.15,0,Lost,1228.15
14108,548,2,447.05,3,VIP,597.91
14110,37,23,9006.32,0,Lost,3981.63
14111,59,1,94.2,3,VIP,598.65
14112,21,9,4071.94,0,Lost,1762.65
14113,172,13,5685.6900000000005,0,Lost,1406.92
14126,261,1,466.33000000000004,3,VIP,706.1300000000001
14127,74,5,1642.6000000000001,1,At Risk,257.48
14128,73,2,592.25,1,At Risk,331.96
14129,78,5,1826.3799999999999,1,At Risk,764.96
14132,1,1,306.86,2,Champions,3279.17
14133,133,2,623.5,3,VIP,287.64
14135,3,18,6590.82,0,Lost,2248.85
14139,307,3,670.98,1,At Risk,415.82
14145,34,4,4986.45,1,At Risk,2613.6
14146,72,9,7163.03,0,Lost,2287.27
14147,103,8,2289.6,1,At Risk,300.6
14150,177,1,306.18,3,VIP,352.46000000000004
14152,51,6,1690.56,1,At Risk,306.78000000000003
14156,3,120,241077.89,0,Lost,72359.73
14157,102,4,822.98,1,At Risk,155.71
14159,4,12,4331.58,0,Lost,3529.22
14162,110,1,177.68,3,VIP,111.68
14163,16,3,898.5,2,Champions,1696.12
14167,80,6,970.7,1,At Risk,303.59
14171,547,1,135.0,3,VIP,363.79
14173,36,3,249.2,2,Champions,336.8
14175,147,6,4779.16,1,At Risk,2899.72
14177,198,9,1660.23,1,At Risk,549.46
14180,2,24,4802.6,0,Lost,1314.9
14188,32,2,760.9,2,Champions,1293.46
14189,18,9,3005.14,0,Lost,2498.01
14191,2,5,919.6,2,Champions,3898.06
14193,87,2,779.34,1,At Risk,430.85
14194,14,22,10728.94,0,Lost,7941.650000000001
14198,56,6,1051.63,1,At Risk,518.1
14201,3,7,857.2,2,Champions,336.34
14204,239,3,874.22,1,At Risk,150.61
14205,81,8,2170.4,1,At Risk,243.8
14208,368,1,415.31,3,VIP,151.74
14209,31,12,4002.9900000000002,0,Lost,990.28
14210,14,15,5250.38,0,Lost,306.19
14211,25,14,3071.08,0,Lost,1331.21
14212,263,1,1119.6599999999999,3,VIP,1070.48
14214,95,1,638.65,3,VIP,365.73
14215,4,7,2558.88,0,Lost,691.45
14216,231,1,310.74,3,VIP,1839.3
14217,2,14,2282.86,0,Lost,1015.73
14219,227,2,543.89,3,VIP,89.94
14221,7,12,4738.52,0,Lost,1778.97
14223,81,1,304.9,3,VIP,686.23
14224,32,7,1324.05,2,Champions,517.66
14226,27,3,2462.34,2,Champions,522.7900000000001
14227,13,12,5417.27,0,Lost,951.44
14229,109,6,1808.97,1,At Risk,785.0699999999999
14232,4,2,1003.97,2,Champions,1044.1
14233,29,6,2400.65,2,Champions,503.62
14235,43,6,2837.68,1,At Risk,1880.31
14236,189,4,1253.78,1,At Risk,301.56
14239,18,16,3177.36,0,Lost,1085.81
14240,43,2,584.0,2,Champions,663.49
14243,63,12,6142.05,0,Lost,1075.7
14246,63,1,449.64,3,VIP,1024.42
14257,2,6,3885.32,0,Lost,2069.13
14258,17,22,26989.18,0,Lost,5062.16
14262,58,1,240.0,3,VIP,2378.23
14264,63,5,1299.09,1,At Risk,218.27
14265,282,2,843.17,1,At Risk,530.18
14267,77,2,836.36,1,At Risk,679.88
14272,71,3,614.94,1,At Risk,305.87
14273,35,2,218.7,2,Champions,341.27
14276,107,5,1324.14,1,At Risk,778.54
14277,29,7,14638.64,0,Lost,2558.97
14282,20,15,5330.6,0,Lost,1920.16
14284,471,1,704.4,3,VIP,595.25
14285,330,4,1374.41,1,At Risk,1910.01
14286,60,5,5901.09,1,At Risk,2578.67
14287,16,2,83.28,2,Champions,93.35
14289,16,3,594.22,2,Champions,317.04
14290,179,4,2979.4700000000003,1,At Risk,1537.0900000000001
14291,28,15,5634.31,0,Lost,2269.79
14292,21,9,5479.53,0,Lost,3746.7200000000003
14293,122,7,2364.4700000000003,1,At Risk,538.5400000000001
14295,256,4,2196.71,1,At Risk,166.20000000000002
14297,92,1,232.6,3,VIP,1072.73
14298,8,68,70161.18,0,Lost,21033.31
14299,135,22,11670.57,0,Lost,2399.68
14301,233,3,1352.04,1,At Risk,640.14
14306,196,4,1058.0800000000002,1,At Risk,2093.32
14307,37,7,2987.18,0,Lost,1300.74
14309,52,6,2364.16,1,At Risk,1416.65
14312,4,9,2333.29,0,Lost,757.0
14314,248,1,109.80000000000001,3,VIP,120.0
14315,8,4,1572.8899999999999,2,Champions,1624.93
14321,151,3,1014.13,1,At Risk,1203.93
14323,56,1,299.82,3,VIP,305.24
14327,199,5,1583.28,1,At Risk,311.65
14329,91,10,7037.9800000000005,0,Lost,2849.64
14332,198,2,1077.2,1,At Risk,840.21
14334,21,9,3444.5,0,Lost,873.98
14336,15,3,1114.39,2,Champions,500.52000000000004
14338,13,2,919.85,2,Champions,8.25
14341,32,14,2988.19,0,Lost,1463.83
14342,27,3,559.48,2,Champions,358.96
14344,24,18,2749.0,0,Lost,244.05
14346,114,4,1556.61,1,At Risk,759.14
14352,52,2,845.32,2,Champions,233.64000000000001
14364,5,4,2161.85,2,Champions,1555.5
14367,1,8,4116.77,0,Lost,5111.05
14379,112,3,1028.04,1,At Risk,237.12
14381,268,1,423.26,3,VIP,202.68
14382,207,1,578.14,3,VIP,615.49
14388,20,11,4348.55,0,Lost,2039.65
14389,8,4,1165.69,2,Champions,732.32
14390,28,7,2541.59,0,Lost,3608.44
14395,39,16,5947.96,0,Lost,1853.97
14396,188,6,1591.74,1,At Risk,377.64
14397,15,2,242.24,2,Champions,2370.72
14400,225,2,1157.77,1,At Risk,574.7
14401,132,11,3296.54,1,At Risk,3499.36
14403,34,4,1380.71,2,Champions,499.79999999999995
14404,77,10,1973.39,1,At Risk,750.74
14407,23,2,1002.6800000000001,2,Champions,1155.05
14408,7,7,2585.03,0,Lost,1517.24
14409,136,6,2033.94,1,At Risk,1393.3500000000001
14410,23,8,2305.63,0,Lost,326.27
14412,242,1,656.16,3,VIP,770.03
14414,176,2,1119.55,1,At Risk,1279.78
14415,15,15,8490.32,0,Lost,3489.77
14419,70,3,509.99,1,At Risk,744.65
14420,214,3,1251.65,1,At Risk,387.52
14421,29,5,2111.44,2,Champions,357.93
14422,84,14,6409.1900000000005,0,Lost,3862.33
14426,93,10,8741.85,0,Lost,2986.09
14427,312,2,900.1800000000001,1,At Risk,363.34000000000003
14428,57,2,330.62,3,VIP,893.44
14436,371,1,182.64000000000001,3,VIP,89.06
14440,134,10,4810.06,1,At Risk,1171.97
14441,73,8,3255.64,1,At Risk,1356.05
14443,127,3,1271.17,1,At Risk,811.8
14446,64,2,492.96999999999997,3,VIP,707.31
14447,13,3,1149.53,2,Champions,562.2
14448,181,1,102.35000000000001,3,VIP,273.0
14449,64,6,1745.07,1,At Risk,485.89
14450,60,6,914.64,1,At Risk,213.8
14451,12,11,2974.78,0,Lost,283.9
14452,212,2,399.9,3,VIP,259.05
14459,468,1,3537.821,1,At Risk,1837.92
14460,128,7,689.16,1,At Risk,404.34
14461,79,11,5350.08,0,Lost,1326.83
14462,3,8,1379.51,2,Champions,863.3
14463,22,2,372.87,2,Champions,413.7
14466,4,10,3340.45,0,Lost,926.7
14467,130,9,1738.68,1,At Risk,464.56
14470,105,2,548.49,3,VIP,163.55
14472,4,6,1723.26,2,Champions,395.46
14473,99,1,85.0,3,VIP,149.34000000000003
14474,397,1,711.23,3,VIP,547.66
14475,3,3,847.47,2,Champions,303.68
14477,1,5,1183.0,2,Champions,786.6
14480,220,3,1020.47,1,At Risk,279.05
14481,104,4,1951.04,1,At Risk,333.65
14482,56,7,2522.01,1,At Risk,1784.71
14484,218,3,749.0600000000001,1,At Risk,321.92
14487,185,2,225.89000000000001,3,VIP,1040.3799999999999
14491,190,1,127.2,3,VIP,213.73
14493,207,5,2704.62,1,At Risk,2383.2400000000002
14494,218,2,261.9,3,VIP,139.56
14495,477,1,51.0,3,VIP,123.8
14498,3,7,2256.75,2,Champions,1644.08
14499,96,5,1416.22,1,At Risk,685.57
14500,7,1,284.85,2,Champions,72.0
14502,52,6,1059.94,1,At Risk,1369.89
14504,60,3,542.71,1,At Risk,130.55
14505,21,16,9179.51,0,Lost,2699.57
14506,100,4,1553.76,1,At Risk,1406.49
14507,32,8,2464.17,0,Lost,752.57
14508,193,3,554.87,1,At Risk,268.05
14513,24,5,649.77,2,Champions,138.24
14514,18,8,3792.95,0,Lost,587.09
14515,8,8,2412.82,0,Lost,1311.24
14520,108,1,165.0,3,VIP,105.60000000000001
14522,15,5,1052.51,2,Champions,695.91
14524,53,8,1819.76,1,At Risk,1090.1
14525,3,13,5742.68,0,Lost,2283.86
14527,2,94,22302.11,0,Lost,4944.77
14530,2,13,4723.8,0,Lost,1365.07
14533,170,5,1950.15,1,At Risk,1516.22
14534,4,17,3652.56,0,Lost,2535.1
14535,65,7,3971.26,1,At Risk,2001.97
14537,440,1,285.84000000000003,3,VIP,355.56
14538,73,4,1089.0900000000001,1,At Risk,281.75
14540,126,9,2952.88,1,At Risk,756.76
14541,31,12,2043.48,0,Lost,447.9
14543,7,32,13413.09,0,Lost,1174.78
14544,178,2,2036.0,1,At Risk,902.53
14546,19,8,3485.79,0,Lost,1699.05
14548,135,8,2214.89,1,At Risk,326.4
14550,205,2,587.69,3,VIP,757.37
14551,21,6,817.29,2,Champions,60.8
14552,198,2,343.71,3,VIP,164.22
14553,36,6,1271.65,2,Champions,546.95
14555,119,5,2177.83,1,At Risk,126.2
14560,13,31,5108.26,0,Lost,1005.77
14561,1,1,222.07,2,Champions,858.6899999999999
14562,49,11,2521.98,0,Lost,4116.17
14565,22,3,2637.65,2,Champions,1221.57
14566,234,3,2660.0,1,At Risk,1432.0
14569,270,3,369.94,3,VIP,227.39
14572,71,7,3795.67,1,At Risk,1731.21
14573,18,11,1888.6,0,Lost,274.52
14577,50,5,972.45,1,At Risk,391.7
14581,361,1,271.05,3,VIP,138.6
14583,2,5,948.94,2,Champions,711.35
14584,14,6,1179.9,2,Champions,558.26
14585,199,4,986.22,1,At Risk,157.05
14587,1,8,1452.68,2,Champions,127.61
14591,30,1,204.02,2,Champions,1116.19
14593,16,11,3387.97,0,Lost,277.56
14594,190,1,255.0,3,VIP,108.33
14595,130,3,587.6500000000001,1,At Risk,1576.8
14597,9,5,1483.49,2,Champions,701.14
14598,386,1,162.07,3,VIP,221.97
14606,3,149,24828.4,0,Lost,5122.97
14607,78,9,8048.63,0,Lost,15714.5
14608,179,8,1771.79,1,At Risk,1581.15
14609,114,7,1028.6399999999999,1,At Risk,457.56
14618,155,5,1000.6800000000001,1,At Risk,341.64
14621,4,6,1848.52,2,Champions,1152.05
14623,3,7,1528.14,2,Champions,488.84000000000003
14624,232,4,588.22,1,At Risk,225.85
14626,50,8,3206.55,0,Lost,2204.37
14628,59,4,1657.6200000000001,1,At Risk,340.38
14631,52,5,1648.79,1,At Risk,376.90000000000003
14636,86,1,300.19,3,VIP,309.66
14639,108,5,3229.6,1,At Risk,1749.36
14640,45,5,1937.73,1,At Risk,1711.63
14643,175,4,1344.02,1,At Risk,335.87
14644,115,6,1604.46,1,At Risk,643.26
14645,93,2,519.9,3,VIP,356.99
14646,9,105,364532.42,0,Lost,164070.1
14649,29,7,2830.72,0,Lost,820.47
14651,28,8,1787.24,0,Lost,238.28
14653,155,6,2011.22,1,At Risk,1581.84
14655,39,4,2756.84,1,At Risk,1121.67
14656,100,4,632.0600000000001,1,At Risk,157.94
14657,99,4,1126.3700000000001,1,At Risk,323.82
14659,4,5,1381.76,2,Champions,1148.17
14662,52,6,1147.34,1,At Risk,229.09
14665,114,5,1645.6100000000001,1,At Risk,1104.04
14667,31,40,15114.55,0,Lost,5280.79
14673,184,3,1674.41,1,At Risk,1362.91
14675,206,1,419.22,3,VIP,596.36
14676,24,9,6957.07,0,Lost,1399.72
14680,16,51,41468.27,0,Lost,14220.23
14681,29,4,770.1500000000001,2,Champions,105.0
14684,32,3,721.96,2,Champions,708.07
14687,217,2,773.6800000000001,1,At Risk,628.38
14688,16,17,4397.75,0,Lost,2792.67
14690,209,2,422.63,3,VIP,355.05
14691,30,1,439.6,2,Champions,1674.73
14692,52,11,1603.8899999999999,0,Lost,111.25
14696,4,5,1565.72,2,Champions,907.5600000000001
14700,7,4,2422.06,2,Champions,654.0
14701,64,11,3694.92,0,Lost,792.19
14702,98,18,4302.69,0,Lost,2066.09
14704,242,2,258.96,3,VIP,1493.96
14708,186,3,1085.91,1,At Risk,707.31
14709,5,17,5908.33,0,Lost,2978.0
14710,196,9,1300.31,1,At Risk,599.48
14711,2,6,1596.3,2,Champions,1243.32
14712,235,1,411.0,3,VIP,917.07
14713,3,17,3903.2,0,Lost,1212.56
14714,224,3,746.05,1,At Risk,160.19
14715,115,6,1205.52,1,At Risk,619.9300000000001
14716,262,1,235.77,3,VIP,307.51
14719,66,1,223.46,3,VIP,1358.38
14722,294,2,309.1,3,VIP,180.42000000000002
14723,175,8,1136.35,1,At Risk,666.71
14725,212,3,597.16,1,At Risk,655.58
14730,50,3,529.3,2,Champions,1368.27
14731,23,2,251.01999999999998,2,Champions,129.0
14732,4,15,4097.78,0,Lost,1419.29
14733,21,11,12656.82,0,Lost,1678.3300000000002
14735,13,41,8729.880000000001,0,Lost,3510.28
14737,170,2,2823.62,1,At Risk,730.55
14738,16,6,1033.14,2,Champions,788.76
14739,37,21,8978.960000000001,0,Lost,2594.66
14741,179,3,808.05,1,At Risk,905.04
14744,115,12,3488.13,0,Lost,171.95
14745,2,9,1912.82,0,Lost,638.59
14748,29,8,2037.28,0,Lost,644.62
14753,278,1,306.36,3,VIP,563.15
14754,113,5,1138.15,1,At Risk,409.78
14755,24,18,6824.78,0,Lost,3147.77
14756,200,2,1914.8,1,At Risk,738.96
14758,23,6,2587.85,2,Champions,277.12
14759,50,1,572.25,2,Champions,1053.72
14761,152,2,289.52,3,VIP,158.4
14766,31,8,5068.57,0,Lost,1307.16
14769,18,13,10731.38,0,Lost,4782.73
14775,189,1,406.56,3,VIP,605.3399999999999
14776,35,7,2244.6,0,Lost,1463.7
14778,126,1,334.05,3,VIP,396.81
14784,141,2,274.62,3,VIP,175.31
14788,413,1,476.88,3,VIP,679.4399999999999
14790,71,7,1933.72,1,At Risk,592.9
14793,352,1,396.91,3,VIP,228.99
14794,21,7,1313.53,2,Champions,640.37
14796,35,19,5664.74,0,Lost,4504.59
14798,127,6,626.25,1,At Risk,98.06
14799,555,1,180.45,3,VIP,157.7
14800,8,12,6245.65,0,Lost,945.6800000000001
14803,93,2,730.79,1,At Risk,114.76
14805,131,4,645.4,1,At Risk,437.15
14806,256,1,110.03999999999999,3,VIP,193.39000000000001
14810,16,10,1544.85,0,Lost,809.18
14818,71,4,614.01,1,At Risk,539.55
14819,9,3,269.06,2,Champions,187.35
14820,197,5,767.47,1,At Risk,507.29
14823,11,2,210.65,2,Champions,110.78
14824,197,6,2895.2000000000003,1,At Risk,1127.71
14825,21,17,3534.04,0,Lost,1201.04
14829,1,6,1289.95,2,Champions,165.92
14834,57,2,729.55,2,Champions,1476.61
14837,18,6,2303.08,2,Champions,1157.24
14841,91,11,5649.09,0,Lost,1513.91
14842,9,2,1688.48,2,Champions,1136.21
14844,58,7,4387.17,0,Lost,2315.26
14847,225,2,1039.55,1,At Risk,309.4
14849,30,28,9889.98,0,Lost,5517.63
14851,73,2,524.19,3,VIP,305.22
14852,69,13,3786.14,0,Lost,2346.29
14853,28,4,1115.57,2,Champions,261.3
14854,45,7,2754.36,0,Lost,1548.7
14855,291,5,5874.65,1,At Risk,645.65
14857,259,5,2478.731,1,At Risk,1173.12
14859,21,2,648.76,2,Champions,1056.88
14861,198,9,1254.94,1,At Risk,125.79
14865,189,3,77.52000000000001,3,VIP,15.0
14866,183,8,6460.32,1,At Risk,14286.22
14868,50,5,1669.75,1,At Risk,2514.26
14869,205,4,2056.69,1,At Risk,721.45
14871,72,7,956.0400000000001,1,At Risk,272.13
14875,80,2,1759.08,1,At Risk,1103.32
14878,19,20,3452.15,0,Lost,624.35
14880,2,2,347.67,2,Champions,342.92
14882,207,12,2956.9500000000003,1,At Risk,589.7
14883,29,1,310.56,2,Champions,451.03
14885,245,2,832.8,1,At Risk,765.3199999999999
14891,5,3,1001.73,2,Champions,105.0
14893,435,1,571.76,3,VIP,1237.8500000000001
14894,260,2,837.0600000000001,1,At Risk,655.75
14895,22,21,17900.61,0,Lost,7218.93
14897,114,5,1949.66,1,At Risk,1190.88
14898,57,12,2707.57,0,Lost,658.38
14901,178,6,994.76,1,At Risk,924.24
14902,213,2,702.96,3,VIP,332.66
14903,17,3,1796.93,2,Champions,998.4
14904,225,2,605.05,3,VIP,1025.44
14905,51,7,1663.79,1,At Risk,307.6
14907,178,12,3007.31,1,At Risk,2540.41
14908,280,1,104.10000000000001,3,VIP,277.8
14911,1,262,190448.01,0,Lost,100972.8
14912,64,5,1504.1899999999998,1,At Risk,385.06
14913,91,6,3461.53,1,At Risk,611.6
14915,95,10,1646.05,1,At Risk,165.20000000000002
14916,141,5,2069.02,1,At Risk,973.93
14918,221,7,4345.66,1,At Risk,1610.15
14921,18,1,903.01,2,Champions,413.06
14929,239,1,612.8100000000001,3,VIP,223.88
14930,91,4,3977.9,1,At Risk,1258.83
14931,23,2,586.0,2,Champions,671.6800000000001
14934,100,4,2441.4,1,At Risk,1062.1
14936,93,5,5850.15,1,At Risk,6560.66
14944,3,12,5716.45,0,Lost,4068.2200000000003
14947,205,4,758.97,1,At Risk,290.82
14948,36,1,278.4,2,Champions,823.57
14952,24,28,13064.47,0,Lost,4564.88
14953,235,3,685.65,1,At Risk,285.67
14954,520,1,167.27,3,VIP,294.85
14958,2,5,834.59,2,Champions,107.39999999999999
14959,33,2,422.38,2,Champions,273.04
14961,49,18,12545.130000000001,0,Lost,3865.02
14963,1,8,1945.43,2,Champions,1178.14
14966,204,5,881.24,1,At Risk,183.02
14967,259,5,1518.81,1,At Risk,463.8
14968,275,1,353.65,3,VIP,147.59
14970,69,10,4109.54,0,Lost,809.81
14972,198,1,30.300000000000004,3,VIP,114.77
14973,43,1,654.6,2,Champions,659.85
14975,238,1,192.45,3,VIP,279.94
14976,13,3,450.26,2,Champions,340.6
14978,53,9,2718.05,0,Lost,394.14
14984,206,4,1058.1399999999999,1,At Risk,202.37
14987,183,7,1387.4499999999998,1,At Risk,163.2
14995,97,1,119.31,3,VIP,112.67
14997,473,1,230.4,3,VIP,546.1999999999999
14998,58,3,521.95,2,Champions,231.23
15002,114,8,3643.91,1,At Risk,494.17
15005,4,41,10400.58,0,Lost,3354.0
15006,270,1,277.4,3,VIP,480.38
15012,190,2,429.78,3,VIP,216.48
15016,210,4,450.85,1,At Risk,170.04
15018,70,2,291.34000000000003,3,VIP,204.87
15021,36,6,1293.58,2,Champions,1207.01
15022,494,1,281.05,3,VIP,852.39
15023,35,13,7633.62,0,Lost,3945.03
15024,114,9,2603.55,1,At Risk,955.84
15025,385,1,617.83,3,VIP,361.96
15026,57,4,810.67,1,At Risk,238.22
15027,36,8,2783.57,0,Lost,412.03000000000003
15028,185,3,521.78,1,At Risk,441.16
15030,85,7,1614.39,1,At Risk,365.52000000000004
15031,99,11,2600.58,1,At Risk,502.36
15033,25,3,1155.62,2,Champions,1401.56
15034,50,11,6597.42,0,Lost,1633.78
15038,5,7,958.49,2,Champions,188.04
15039,2,73,33351.23,0,Lost,5790.25
15041,261,1,109.47,3,VIP,179.93
15043,280,5,2333.3199999999997,1,At Risk,537.0
15044,24,29,12845.15,0,Lost,3179.0
15045,75,1,388.9,3,VIP,346.76
15046,12,18,4809.98,0,Lost,2813.81
15048,38,2,254.25,2,Champions,126.75
15050,238,2,2349.5,1,At Risk,1737.69
15051,196,6,2543.55,1,At Risk,1383.3600000000001
15053,99,1,222.65,3,VIP,471.3
15058,60,10,2014.9,0,Lost,1372.68
15059,33,14,2722.5,0,Lost,768.7
15061,2,109,103135.5,0,Lost,23253.52
15062,35,7,2411.8,0,Lost,173.82
15065,45,3,1575.13,2,Champions,1751.73
15067,100,3,2966.17,1,At Risk,896.71
15068,73,3,861.5,1,At Risk,313.4
15071,93,3,1062.16,1,At Risk,393.40000000000003
15073,3,7,2606.57,0,Lost,181.45
15074,246,2,817.46,1,At Risk,735.67
15076,309,2,566.89,3,VIP,880.85
15078,8,35,11727.78,0,Lost,5558.95
15081,25,9,1597.82,0,Lost,256.75
15091,492,2,565.9,3,VIP,480.71
15093,24,21,12502.04,0,Lost,1200.34
15095,20,7,2541.54,0,Lost,600.1
15097,400,2,660.27,3,VIP,248.08
15101,176,5,1262.69,1,At Risk,215.25
15105,247,2,795.98,1,At Risk,2298.93
15106,29,2,778.45,2,Champions,644.0699999999999
15108,3,3,623.45,2,Champions,676.8
15110,136,3,679.4,1,At Risk,826.45
15111,190,3,1163.39,1,At Risk,1278.98
15114,34,5,1357.47,2,Champions,2042.65
15115,550,1,191.74,3,VIP,340.11
15116,22,1,479.65,2,Champions,873.1
15117,33,4,1246.5900000000001,2,Champions,1239.38
15121,105,1,295.15,3,VIP,162.57
15122,21,10,3784.1,0,Lost,703.17
15123,23,4,3526.33,2,Champions,1129.84
15124,9,3,357.38,2,Champions,93.44
15125,25,13,12807.11,0,Lost,4217.76
15127,337,1,304.97,3,VIP,406.53
15128,37,2,796.38,2,Champions,987.3
15129,28,16,4533.16,0,Lost,2327.02
15132,17,2,489.87,2,Champions,488.06
15133,75,4,1482.38,1,At Risk,324.52
15134,30,4,447.75,2,Champions,1148.54
15140,16,4,2016.8899999999999,2,Champions,1226.8
15142,227,5,2121.18,1,At Risk,498.74
15144,34,17,7274.89,0,Lost,4885.42
15145,44,2,724.03,2,Champions,470.7
15146,108,1,834.22,3,VIP,492.94
15149,393,4,1033.81,1,At Risk,520.8000000000001
15150,3,5,5004.68,0,Lost,3973.26
15152,4,2,1274.24,2,Champions,3989.59
15154,295,2,1089.44,1,At Risk,254.28
15157,175,3,1803.5,1,At Risk,850.61
15158,218,1,204.62,3,VIP,401.40000000000003
15159,2,18,9151.59,0,Lost,12965.14
15163,9,1,155.0,2,Champions,149.47
15164,25,8,1566.76,0,Lost,461.35
15172,14,2,526.2,2,Champions,1097.85
15179,51,11,6740.09,0,Lost,751.83
15181,87,3,810.72,1,At Risk,389.47999999999996
15182,85,10,2746.582,1,At Risk,252.37
15184,8,3,518.42,2,Champions,166.97
15186,291,3,991.7900000000001,1,At Risk,411.41
15187,29,1,431.6,2,Champions,4345.58
15189,1,22,6829.2,0,Lost,10695.18
15192,8,4,1360.06,2,Champions,306.33
15194,16,22,8066.18,0,Lost,3955.35
15197,70,5,1571.15,1,At Risk,306.36
15198,226,3,377.71,3,VIP,193.64
15199,52,8,2510.85,0,Lost,611.55
15201,21,4,1208.68,2,Champions,634.27
15203,15,11,3265.28,0,Lost,1134.9
15206,93,1,17.700000000000003,3,VIP,402.59999999999997
15208,170,2,165.8,3,VIP,804.72
15211,182,1,383.07,3,VIP,511.34000000000003
15214,1,2,651.63,2,Champions,1009.8100000000001
15215,211,4,1687.49,1,At Risk,734.94
15216,436,1,389.49,3,VIP,96.6
15218,35,14,7469.2,0,Lost,3999.63
15219,466,1,379.7,3,VIP,305.75
15220,21,3,858.1899999999999,2,Champions,920.77
15227,33,7,2145.91,0,Lost,342.58
15228,112,3,3098.41,1,At Risk,2481.86
15237,20,2,1093.65,2,Champions,318.67
15238,1,1,300.14,2,Champions,771.85
15240,9,10,3798.79,0,Lost,661.1899999999999
15241,1,7,2359.08,2,Champions,691.08
15243,252,1,610.6,3,VIP,316.68
15244,65,2,578.45,1,At Risk,333.63
15245,4,7,3832.72,0,Lost,778.12
15247,295,2,620.06,3,VIP,356.0
15249,14,10,5418.91,0,Lost,3847.09
15251,28,12,13935.27,0,Lost,6389.27
15252,239,3,1362.63,1,At Risk,740.78
15253,220,3,1136.89,1,At Risk,918.1999999999999
15254,364,2,787.99,3,VIP,300.36
15255,213,8,2815.17,1,At Risk,890.85
15256,379,1,71.95,3,VIP,98.45
15258,34,1,315.66,2,Champions,307.5
15260,4,23,8227.44,0,Lost,540.29
15261,199,3,1253.18,1,At Risk,254.82
15264,347,1,454.66,3,VIP,393.74
15265,53,3,2551.76,1,At Risk,793.88
15269,197,2,816.56,1,At Risk,408.8
15270,56,18,7459.12,0,Lost,1065.74
15271,21,14,2770.81,0,Lost,1757.73
15272,267,4,1309.01,1,At Risk,721.94
15276,211,3,491.17,1,At Risk,128.63
15277,242,1,220.44,3,VIP,255.89999999999998
15280,306,2,284.4,3,VIP,113.12
15281,15,13,8138.83,0,Lost,404.74
15287,197,3,369.34000000000003,3,VIP,486.69
15288,18,8,3032.86,0,Lost,682.52
15289,66,3,1028.76,1,At Risk,564.33
15290,20,16,4585.63,0,Lost,5910.65
15291,65,34,11529.050000000001,0,Lost,1988.71
15296,1,9,8727.76,0,Lost,1595.27
15298,4,16,6039.07,0,Lost,3022.7
15299,81,7,4084.5299999999997,1,At Risk,2072.0
15301,4,11,4635.63,0,Lost,2274.04
15304,36,6,483.6,2,Champions,312.8
15306,317,6,2310.38,1,At Risk,1174.35
15311,2,162,87944.0,0,Lost,27022.42
15312,32,10,2613.2400000000002,0,Lost,316.95
15321,109,10,5120.89,0,Lost,1588.8400000000001
15322,293,1,711.18,3,VIP,679.68
15325,212,7,1439.72,1,At Risk,161.74
15329,192,8,1909.13,1,At Risk,1049.7
15339,135,6,1504.85,1,At Risk,316.17
15341,266,1,382.2,3,VIP,2020.52
15349,4,1,356.21,2,Champions,107.7
15351,187,4,1770.23,1,At Risk,1659.99
15356,35,8,1683.2,0,Lost,1556.37
15358,25,31,12441.73,0,Lost,3984.13
15364,71,1,331.80000000000007,3,VIP,581.39
15365,132,7,2451.42,1,At Risk,2105.71
15366,175,6,1892.11,1,At Risk,496.97
15367,63,9,4619.92,0,Lost,461.40999999999997
15368,211,1,275.8,3,VIP,446.94000000000005
15370,21,4,2480.9,2,Champions,1258.11
15372,267,7,4009.66,1,At Risk,2007.3999999999999
15373,27,11,1860.38,0,Lost,1224.16
15374,442,1,139.32,3,VIP,168.0
15376,39,1,642.37,2,Champions,579.19
15379,3,7,4747.04,0,Lost,130.8
15380,182,7,1788.8,1,At Risk,1460.16
15382,2,10,9904.960000000001,0,Lost,3828.59
15384,177,3,1688.95,1,At Risk,338.84
15385,210,2,625.2,3,VIP,316.88
15389,217,4,2233.8,1,At Risk,500.0
15392,177,4,1715.07,1,At Risk,1196.55
15393,98,4,783.58,1,At Risk,107.76
15394,21,9,4539.7,0,Lost,747.1
15396,401,1,508.20000000000005,3,VIP,288.18
15400,1,5,1044.9,2,Champions,257.4
15402,13,5,1644.76,2,Champions,185.78
15406,118,3,717.45,1,At Risk,258.42
15407,1,3,740.73,2,Champions,306.01
15410,20,6,3035.77,0,Lost,1649.95
15414,59,1,36.2,3,VIP,738.7
15416,57,5,2862.93,1,At Risk,1709.89
15421,32,9,3594.34,0,Lost,211.0
15423,399,2,223.39,3,VIP,43.5
15426,74,6,1386.41,1,At Risk,769.94
15428,204,3,668.97,1,At Risk,93.78
15432,358,1,149.57,3,VIP,171.19
15434,17,7,1832.54,2,Champions,734.5200000000001
15436,51,1,484.1,3,VIP,583.65
15440,26,1,125.8,2,Champions,257.88
15443,137,8,2338.35,1,At Risk,2775.88
15449,2,2,647.7,2,Champions,326.82
15452,81,4,1493.63,1,At Risk,291.48
15453,5,1,194.34,2,Champions,1177.43
15458,219,1,208.79999999999998,3,VIP,161.64
15462,4,2,607.45,2,Champions,129.6
15465,51,26,9909.24,0,Lost,2191.16
15466,206,3,1225.93,1,At Risk,334.53
15468,210,1,962.97,3,VIP,467.51
15469,256,1,335.7,3,VIP,538.55
15471,197,2,837.53,1,At Risk,454.48
15473,262,1,274.8,3,VIP,1771.2
15478,392,1,583.56,3,VIP,1399.92
15480,283,4,5373.5,1,At Risk,905.5
15482,68,10,4799.84,0,Lost,9617.52
15483,84,7,703.51,1,At Risk,114.31
15484,357,2,1061.69,1,At Risk,3590.41
15485,153,6,3514.55,1,At Risk,1296.37
15488,274,4,340.6,3,VIP,91.32000000000001
15489,28,6,1633.5900000000001,2,Champions,786.02
15491,35,3,1644.92,2,Champions,1455.17
15493,67,6,3087.7200000000003,1,At Risk,1033.96
15494,295,3,2422.02,1,At Risk,1280.58
15497,137,8,8365.789999999999,1,At Risk,291.6
15498,7,30,18799.31,0,Lost,6173.55
15502,93,6,5259.4,1,At Risk,7744.469999999999
15504,338,3,349.87,3,VIP,52.83
15506,198,3,1058.25,1,At Risk,972.08
15512,177,3,311.78,3,VIP,19.799999999999997
15513,16,28,17748.29,0,Lost,8688.76
15514,43,13,4870.28,0,Lost,1521.78
15518,32,11,3242.61,0,Lost,947.38
15521,29,12,5765.82,0,Lost,1332.42
15523,205,15,16847.18,0,Lost,412.01000000000005
15524,424,1,151.4,3,VIP,440.0
15525,190,2,430.78,3,VIP,459.44
15527,37,18,4026.4,0,Lost,1528.49
15529,28,8,2751.62,0,Lost,2032.04
15530,64,2,859.46,1,At Risk,949.22
15532,175,7,2527.92,1,At Risk,1210.93
15535,53,5,919.36,1,At Risk,125.01
15540,193,1,247.38,3,VIP,213.3
15544,28,15,6020.65,0,Lost,1787.24
15545,188,1,135.32999999999998,3,VIP,153.64000000000001
15547,11,19,7529.58,0,Lost,2527.47
15549,133,6,1583.0,1,At Risk,751.16
15550,118,9,1773.3200000000002,1,At Risk,437.73
15551,211,6,1243.75,1,At Risk,436.06
15555,7,26,8223.49,0,Lost,3020.42
15561,33,5,1399.55,2,Champions,534.84
15563,18,5,2194.64,2,Champions,664.8199999999999
15569,149,6,2496.24,1,At Risk,1087.21
15570,23,21,7096.39,0,Lost,1640.1
15571,203,10,3241.92,1,At Risk,650.4300000000001
15572,66,6,2305.32,1,At Risk,1659.8799999999999
15573,435,3,597.23,1,At Risk,591.1899999999999
15574,175,5,989.34,1,At Risk,112.1
15577,122,3,166.8,3,VIP,229.23
15579,131,4,1118.38,1,At Risk,132.25
15581,43,33,4435.39,0,Lost,3045.01
15582,37,1,303.61,2,Champions,379.3
15584,217,2,547.34,3,VIP,720.86
15587,169,4,953.28,1,At Risk,568.8000000000001
15594,52,1,267.91,3,VIP,1503.87
15596,32,8,2710.82,0,Lost,16.9
15597,392,1,238.8,3,VIP,324.57
15598,245,1,307.34,3,VIP,240.68
15599,21,2,937.15,2,Champions,312.90999999999997
15601,21,25,12163.77,0,Lost,2027.97
15602,18,12,2383.04,0,Lost,754.92
15603,465,1,40.0,3,VIP,48.480000000000004
15605,69,7,1233.9,1,At Risk,508.05
15606,40,14,4137.18,0,Lost,1093.81
15608,233,1,692.3,3,VIP,1093.68
15611,8,17,1837.93,0,Lost,1159.3500000000001
15615,1,36,16196.19,0,Lost,5177.78
15620,38,3,1264.19,2,Champions,678.17
15622,14,13,6745.05,0,Lost,1107.56
15623,211,7,2136.02,1,At Risk,301.03
15624,23,2,311.4,2,Champions,276.73
15625,52,6,2397.47,1,At Risk,838.93
15626,147,2,673.6,1,At Risk,393.92
15628,72,10,3153.85,0,Lost,2179.23
15630,22,2,691.91,2,Champions,789.49
15632,42,3,1242.5,2,Champions,2042.81
15634,200,1,311.1,3,VIP,243.55
15636,99,3,1026.52,1,At Risk,418.06
15637,231,4,574.23,1,At Risk,223.36
15639,269,2,639.76,3,VIP,425.32
15640,2,22,17785.77,0,Lost,5708.54
15641,78,11,4763.7300000000005,0,Lost,581.82
15644,73,3,423.19,1,At Risk,380.35
15645,231,2,443.16,3,VIP,612.01
15646,64,4,677.21,1,At Risk,107.60000000000001
15651,78,3,840.08,1,At Risk,418.98
15652,204,4,1068.2,1,At Risk,337.74
15656,38,2,306.86,2,Champions,441.64
15659,204,2,226.04,3,VIP,306.45
15660,21,10,1741.85,0,Lost,861.84
15664,266,3,867.6,1,At Risk,386.43
15665,60,4,3221.28,1,At Risk,765.79
15669,81,1,198.8,3,VIP,485.54
15671,60,3,1033.13,1,At Risk,1624.0
15673,32,7,5174.13,0,Lost,1030.19
15674,31,12,5881.29,0,Lost,1066.94
15675,97,2,263.35,3,VIP,278.69
15676,101,1,897.8,3,VIP,2537.96
15677,238,2,648.4,3,VIP,657.23
15678,212,2,1473.24,1,At Risk,352.7
15680,183,8,3173.9,1,At Risk,854.79
15681,97,10,1909.22,1,At Risk,1080.48
15683,291,1,330.79,3,VIP,193.75
15687,4,5,1679.45,2,Champions,1313.65
15689,179,2,370.43,3,VIP,150.6
15694,5,18,6500.78,0,Lost,3477.7
15696,38,11,2800.06,0,Lost,1081.16
15704,4,4,2948.36,2,Champions,786.3000000000001
15708,40,7,2609.11,0,Lost,1278.04
15712,105,8,2699.85,1,At Risk,772.5600000000001
15713,183,3,654.09,1,At Risk,185.55
15714,270,3,453.93,3,VIP,330.03000000000003
15716,18,10,2268.89,0,Lost,216.37
15719,17,25,7594.77,0,Lost,2601.2
15720,367,1,140.49,3,VIP,598.73
15722,5,8,3782.09,0,Lost,1451.91
15727,15,12,7443.62,0,Lost,1928.09
15730,23,3,1073.13,2,Champions,653.45
15734,17,3,1502.5,2,Champions,760.8000000000001
15737,3,4,712.73,2,Champions,475.39
15738,1,35,11159.960000000001,0,Lost,1883.3600000000001
15743,2,1,322.55,2,Champions,453.41
15745,53,1,302.85,3,VIP,791.74
15747,193,6,1553.17,1,At Risk,946.64
15748,266,2,465.45000000000005,3,VIP,144.36
15750,100,13,4600.861,0,Lost,1852.13
15752,66,5,2340.9900000000002,1,At Risk,1583.92
15754,64,7,2670.84,1,At Risk,366.77
15755,52,13,4249.6,0,Lost,1743.52
15756,30,2,244.17,2,Champions,283.84
15757,35,5,2487.3,2,Champions,453.06
15764,1,5,2917.63,2,Champions,1585.45
15766,273,2,516.0,3,VIP,315.06
15768,21,33,15166.21,0,Lost,142.68
15769,15,33,60249.52,0,Lost,28363.0
15773,226,1,138.84,3,VIP,635.6800000000001
15774,235,5,1017.54,1,At Risk,270.8
15781,123,1,83.35,3,VIP,262.11
15782,247,1,1399.36,1,At Risk,2614.7400000000002
15785,14,13,4971.36,0,Lost,998.5699999999999
15786,235,2,3582.62,1,At Risk,4919.0
15791,21,4,3218.89,2,Champions,389.45000000000005
15793,86,6,1740.6,1,At Risk,658.97
15795,247,7,1369.8600000000001,1,At Risk,610.01
15796,5,13,3709.9900000000002,0,Lost,1461.64
15797,31,5,2453.88,2,Champions,367.2
15799,2,3,1018.4399999999999,2,Champions,402.90000000000003
15800,64,6,774.68,1,At Risk,452.39
15803,262,3,1513.84,1,At Risk,415.82000000000005
15804,16,1,525.36,2,Champions,3681.03
15805,2,20,7365.17,0,Lost,2783.76
15806,94,1,300.36,3,VIP,484.22
15807,225,2,913.62,1,At Risk,903.9
15809,1,6,1157.88,2,Champions,116.56
15810,49,6,2461.18,1,At Risk,537.86
15811,22,5,2562.37,2,Champions,923.78
15812,6,10,4454.55,0,Lost,746.9200000000001
15814,210,2,689.11,3,VIP,1945.33
15815,29,3,1394.08,2,Champions,706.52
15819,16,8,3206.48,0,Lost,728.3100000000001
15822,176,5,1394.79,1,At Risk,445.27
15826,28,2,1663.97,2,Champions,934.3100000000001
15827,32,23,2678.7400000000002,0,Lost,924.4
15831,141,1,309.94,3,VIP,484.7
15834,94,5,2812.01,1,At Risk,952.38
15835,77,2,488.31,3,VIP,465.78
15837,303,1,385.03000000000003,3,VIP,391.98
15838,7,22,47771.299999999996,0,Lost,25434.2
15841,35,7,2131.61,0,Lost,610.8000000000001
15845,28,6,2251.67,2,Champions,2174.61
15847,105,4,613.98,1,At Risk,208.59
15850,194,4,771.87,1,At Risk,234.88
15854,21,15,4193.55,0,Lost,1384.73
15855,1,5,815.1700000000001,2,Champions,237.55
15856,21,33,22948.51,0,Lost,9327.44
15857,247,1,273.48,3,VIP,297.0
15858,106,10,2941.06,1,At Risk,611.35
15860,50,12,1816.4,0,Lost,544.9
15861,84,6,1938.52,1,At Risk,2430.68
15862,21,11,2170.42,0,Lost,341.87
15863,10,4,295.46,2,Champions,59.64
15864,133,2,486.86,3,VIP,1693.9
15865,31,3,1660.22,2,Champions,581.2
15867,13,25,6865.71,0,Lost,2057.59
15870,214,3,506.02,1,At Risk,351.44
15872,196,2,413.0,3,VIP,316.25
15874,35,19,9041.68,0,Lost,2243.08
15885,126,13,1587.47,1,At Risk,364.35
15886,234,3,871.78,1,At Risk,181.09
15888,218,2,260.85,3,VIP,168.31
15889,186,7,1279.6,1,At Risk,148.0
15898,44,24,4610.56,0,Lost,385.89
15900,231,3,549.29,1,At Risk,337.28
15901,268,4,335.99,3,VIP,351.73
15903,45,7,4454.72,0,Lost,4485.12
15906,37,6,1645.66,2,Champions,884.53
15907,27,1,223.07,2,Champions,659.65
15910,24,11,1982.9,0,Lost,678.27
15912,50,8,951.57,1,At Risk,123.13
15916,9,10,2489.33,0,Lost,655.91
15919,186,1,214.07999999999998,3,VIP,311.61
15920,241,5,401.64,1,At Risk,167.5
15921,214,3,452.23,3,VIP,323.03000000000003
15932,32,4,1273.25,2,Champions,1222.62
15938,18,8,665.53,2,Champions,69.28
15939,13,10,7577.7300000000005,0,Lost,1482.66
15948,242,1,553.85,3,VIP,955.24
15950,177,7,5805.02,1,At Risk,1315.89
15951,103,2,680.12,1,At Risk,333.05
15952,42,1,232.65,3,VIP,549.26
15953,29,14,2607.1,0,Lost,833.24
15955,21,11,5115.34,0,Lost,2970.64
15957,238,2,492.36,3,VIP,428.89
15958,221,3,357.77,3,VIP,104.35
15965,184,10,2119.26,1,At Risk,652.6800000000001
15967,136,11,2730.22,1,At Risk,235.78
15969,3,3,769.65,2,Champions,357.4
15971,59,10,2789.13,0,Lost,3113.7
15974,1,4,2054.85,2,Champions,1387.3
15976,37,5,1476.76,2,Champions,217.65
15978,249,2,2180.64,1,At Risk,1098.78
15980,71,5,4905.0,1,At Risk,1638.68
15981,28,17,7576.49,0,Lost,1786.28
15983,178,7,2783.62,1,At Risk,326.75
15984,50,25,6387.72,0,Lost,2005.3
15985,54,6,2472.44,1,At Risk,242.84
15986,199,1,186.3,3,VIP,168.12
15987,17,5,619.3,2,Champions,916.69
15988,368,2,582.11,3,VIP,156.78
15990,104,6,1607.01,1,At Risk,390.74
15992,213,2,854.61,1,At Risk,41.989999999999995
15994,229,2,761.4100000000001,1,At Risk,414.27
15996,81,4,980.99,1,At Risk,405.41
15998,80,13,6969.34,0,Lost,1304.8
16003,177,6,4059.46,1,At Risk,1554.3700000000001
16005,88,7,1941.7,1,At Risk,423.79
16007,32,4,1723.22,2,Champions,1329.84
16008,22,13,4999.5,0,Lost,339.63
16011,1,20,3466.71,0,Lost,2134.2999999999997
16012,218,2,1563.3,1,At Risk,1415.29
16013,1,60,31749.16,0,Lost,24329.28
16014,108,3,707.08,1,At Risk,393.20000000000005
16016,13,7,1408.96,2,Champions,674.44
16017,234,4,1333.7,1,At Risk,211.88
16018,213,2,289.23,3,VIP,408.90000000000003
16019,49,24,16032.42,0,Lost,1296.74
16023,9,2,500.69,2,Champions,219.12
16024,229,2,232.96,3,VIP,251.03
16027,36,12,1630.41,0,Lost,417.95000000000005
16029,4,74,73301.04,0,Lost,44462.58
16031,64,1,305.63,3,VIP,242.27
16033,18,18,5095.36,0,Lost,5513.45
16036,80,3,1986.65,1,At Risk,570.19
16038,19,1,316.95,2,Champions,154.83
16040,86,5,1525.78,1,At Risk,891.12
16042,149,4,1092.8,1,At Risk,1152.52
16043,28,7,1759.0900000000001,2,Champions,97.5
16045,63,6,2955.48,1,At Risk,479.45
16049,192,3,777.34,1,At Risk,1074.81
16050,200,2,162.8,3,VIP,137.9
16053,231,4,2122.89,1,At Risk,1511.95
16054,236,3,1327.98,1,At Risk,783.9
16057,28,6,2651.27,0,Lost,1203.58
16059,72,9,2241.41,1,At Risk,812.16
16062,58,6,2288.01,1,At Risk,575.44
16071,344,3,750.5600000000001,1,At Risk,326.24
16076,26,1,305.45000000000005,2,Champions,1929.28
16080,91,3,515.66,1,At Risk,86.9
16081,2,6,2471.91,2,Champions,1807.05
16083,178,3,1371.78,1,At Risk,979.64
16085,54,9,1684.56,1,At Risk,656.47
16086,17,8,2153.4,0,Lost,534.33
16091,16,1,157.25,2,Champions,157.81
16092,14,5,1363.81,2,Champions,224.13
16094,36,8,2869.43,0,Lost,826.13
16098,2,11,3227.29,0,Lost,783.41
16099,43,5,1159.6,2,Champions,413.6
16101,252,3,1938.46,1,At Risk,1290.7
16103,4,19,5567.33,0,Lost,624.38
16104,236,8,2476.25,1,At Risk,298.21
16108,251,3,1393.42,1,At Risk,842.5
16110,79,3,1138.82,1,At Risk,642.77
16112,150,2,136.14,3,VIP,59.599999999999994
16115,30,7,1399.22,2,Champions,1154.58
16119,211,6,1297.45,1,At Risk,423.36
16120,239,2,1658.3700000000001,1,At Risk,1309.14
16121,33,4,881.32,2,Champions,568.72
16122,150,4,461.04,1,At Risk,434.58000000000004
16126,1,13,10200.83,0,Lost,4443.77
16127,544,1,145.06,3,VIP,656.25
16128,100,7,2309.13,1,At Risk,1491.92
16131,24,8,8115.4,0,Lost,1842.02
16133,3,35,15194.59,0,Lost,7797.67
16134,176,4,1810.78,1,At Risk,334.56
16136,95,2,396.72,3,VIP,550.08
16139,24,3,615.54,2,Champions,495.61
16140,188,2,832.4200000000001,1,At Risk,601.04
16141,234,1,335.54,3,VIP,620.4
16143,30,10,3704.31,0,Lost,850.77
16145,43,12,4322.2300000000005,0,Lost,2483.21
16146,21,3,871.38,2,Champions,75.0
16147,217,4,2023.91,1,At Risk,375.0
16149,246,1,141.70000000000002,3,VIP,280.52
16150,87,7,2913.63,1,At Risk,1088.54
16153,3,9,4009.36,0,Lost,1124.13
16156,23,14,4126.71,0,Lost,2061.4700000000003
16161,15,34,9307.45,0,Lost,3272.61
16168,3,49,7968.38,0,Lost,2392.29
16170,1,17,5928.82,0,Lost,940.18
16172,59,4,943.72,1,At Risk,940.83
16174,309,4,1237.2,1,At Risk,1009.5500000000001
16175,22,5,1265.83,2,Champions,570.61
16177,254,7,1915.36,1,At Risk,331.95
16178,218,1,414.7,3,VIP,197.9
16180,28,9,8741.12,0,Lost,7508.75
16182,21,7,5871.0,0,Lost,4100.65
16183,212,3,739.1,1,At Risk,338.71000000000004
16184,28,1,148.22,2,Champions,1010.57
16185,50,2,450.31,2,Champions,194.41
16186,6,19,6058.84,0,Lost,2659.59
16187,20,7,2564.64,0,Lost,4346.8
16188,44,3,671.57,2,Champions,416.09
16190,212,7,2508.4700000000003,1,At Risk,215.08
16191,80,19,13112.980000000001,0,Lost,2564.84
16198,254,1,629.36,3,VIP,400.68100000000004
16200,200,10,4539.23,1,At Risk,1068.8700000000001
16201,233,1,248.65,3,VIP,1863.47
16203,44,4,669.24,2,Champions,274.6
16204,197,2,534.53,3,VIP,384.18
16205,214,3,1062.48,1,At Risk,757.63
16206,26,11,2341.56,0,Lost,248.31
16208,106,9,3273.78,1,At Risk,166.67
16209,4,6,2452.2200000000003,2,Champions,1694.5600000000002
16210,30,26,23257.88,0,Lost,10493.09
16211,238,2,543.5699999999999,3,VIP,547.02
16212,100,3,1101.52,1,At Risk,192.19
16214,70,3,1725.17,1,At Risk,313.08000000000004
16218,24,10,2612.75,0,Lost,1355.92
16221,93,8,1474.43,1,At Risk,545.49
16224,57,3,864.45,1,At Risk,752.09
16225,94,12,2179.6,1,At Risk,679.71
16229,30,5,2215.46,2,Champions,652.4
16232,32,5,2088.56,2,Champions,624.41
16233,147,8,1608.13,1,At Risk,210.18
16235,4,7,1851.69,2,Champions,202.01999999999998
16239,7,5,1425.9,2,Champions,66.3
16241,30,7,2231.11,0,Lost,1761.75
16242,31,9,4217.69,0,Lost,3186.96
16245,74,1,453.98,3,VIP,959.6800000000001
16249,18,2,1020.53,2,Champions,779.54
16253,72,6,5288.74,1,At Risk,1983.46
16255,63,11,2971.76,0,Lost,1558.24
16258,36,11,7771.47,0,Lost,4171.05
16261,63,3,565.14,1,At Risk,476.02
16265,78,8,4363.31,0,Lost,2571.86
16266,17,10,1267.9,0,Lost,490.05
16271,175,6,2126.4,1,At Risk,1271.42
16276,296,2,1818.79,1,At Risk,810.6000000000001
16278,297,2,551.46,3,VIP,566.38
16279,203,6,4195.5,1,At Risk,1502.78
16281,241,2,1361.96,1,At Risk,2062.06
16283,25,4,3057.32,2,Champions,1293.0
16284,210,1,205.8,3,VIP,812.68
16287,193,4,864.48,1,At Risk,142.5
16292,197,4,951.51,1,At Risk,302.25
16293,25,9,3159.9500000000003,0,Lost,1119.25
16298,4,5,601.8,2,Champions,483.90000000000003
16303,150,5,3394.82,1,At Risk,4533.45
16308,34,5,3520.0,1,At Risk,1600.0
16309,58,1,334.2,3,VIP,372.37
16316,24,10,4635.11,0,Lost,1109.8
16317,114,3,1421.6200000000001,1,At Risk,770.89
16320,30,5,5443.21,0,Lost,185.78
16321,122,5,454.55,1,At Risk,150.0
16325,63,10,3194.08,0,Lost,403.42
16326,32,13,2208.31,0,Lost,2512.94
16327,16,14,8809.01,0,Lost,1350.63
16330,241,4,373.46999999999997,1,At Risk,251.91
16332,122,5,539.51,1,At Risk,1460.5
16333,9,16,13087.2,0,Lost,13539.6
16340,256,2,961.93,1,At Risk,534.31
16341,18,4,2676.57,2,Champions,1174.22
16343,224,1,285.54,3,VIP,328.58
16344,327,3,741.3199999999999,1,At Risk,101.10000000000001
16345,300,1,613.33,3,VIP,565.46
16347,205,9,2595.51,1,At Risk,847.45
16348,8,4,887.84,2,Champions,856.58
16350,151,6,1514.1200000000001,1,At Risk,739.77
16353,35,26,5275.03,0,Lost,4520.43
16354,197,3,723.66,1,At Risk,395.8
16357,31,2,347.39,2,Champions,520.98
16358,1,2,1354.3000000000002,2,Champions,1565.3500000000001
16359,31,12,1963.09,0,Lost,734.66
16362,255,1,212.17,3,VIP,709.99
16365,70,9,2116.2799999999997,1,At Risk,1051.06
16366,399,3,1220.83,1,At Risk,327.3
16367,180,2,716.9,1,At Risk,633.58
16368,253,1,141.53,3,VIP,479.91
16369,14,5,1465.6,2,Champions,1190.96
16370,42,1,272.17,3,VIP,1029.74
16372,226,3,934.58,1,At Risk,355.73
16374,79,4,1410.87,1,At Risk,312.53000000000003
16383,85,6,2562.39,1,At Risk,334.3
16384,81,3,1183.55,1,At Risk,175.4
16385,183,3,473.69,1,At Risk,407.66
16386,71,2,826.69,1,At Risk,241.47
16389,22,2,670.17,2,Champions,711.9
16393,2,16,3226.35,0,Lost,2071.42
16394,65,2,619.3,1,At Risk,936.04
16395,141,11,2486.91,1,At Risk,1031.5
16398,71,1,1169.95,1,At Risk,535.85
16399,52,2,400.61,2,Champions,229.61
16400,212,8,2755.92,1,At Risk,303.93
16401,27,16,4412.72,0,Lost,2436.43
16406,268,2,374.01,3,VIP,154.35
16407,11,9,1471.76,0,Lost,1289.8899999999999
16409,59,9,4433.32,0,Lost,1219.42
16411,186,3,673.24,1,At Risk,83.15
16412,211,4,457.2,1,At Risk,135.99
16413,192,1,259.83,3,VIP,262.2
16414,97,4,475.76,1,At Risk,75.45
16415,401,2,496.49,3,VIP,200.27
16416,207,6,1906.48,1,At Risk,1051.4
16418,43,3,543.53,2,Champions,485.21
16419,92,4,1021.9200000000001,1,At Risk,441.78
16422,3,86,46529.32,0,Lost,15391.55
16426,93,1,328.37,3,VIP,1535.39
16430,198,6,817.09,1,At Risk,300.85
16433,226,1,200.26,3,VIP,184.26
16434,9,8,1878.61,0,Lost,795.08
16440,32,2,488.76,2,Champions,3368.21
16441,108,4,848.93,1,At Risk,170.2
16442,45,4,715.11,2,Champions,176.87
16444,12,15,3211.29,0,Lost,414.59
16445,204,3,352.65,3,VIP,230.51
16446,23,1,2.9,3,VIP,168469.6
16447,407,2,471.19,3,VIP,255.91
16450,401,2,1193.81,1,At Risk,311.92
16451,378,2,746.1800000000001,3,VIP,266.97
16454,424,2,24.05,3,VIP,6.9
16455,22,9,3288.17,0,Lost,707.4
16456,45,11,5419.18,0,Lost,581.76
16458,5,19,3513.85,0,Lost,2177.04
16461,408,2,1402.91,1,At Risk,142.92
16462,3,2,68.0,2,Champions,68.0
16463,21,1,319.37,2,Champions,1103.03
16466,26,10,2492.65,0,Lost,1274.44
16468,287,2,712.62,3,VIP,74.9
16469,63,3,446.78000000000003,1,At Risk,357.12
16470,10,9,2009.74,0,Lost,407.11
16473,104,3,372.53000000000003,3,VIP,98.3
16475,91,1,310.0,3,VIP,234.3
16477,31,9,3152.42,0,Lost,941.95
16484,8,1,285.7,2,Champions,118.60000000000001
16485,249,4,1923.54,1,At Risk,363.65
16491,230,1,801.66,3,VIP,731.5
16493,102,5,1148.26,1,At Risk,983.83
16495,93,2,246.51,3,VIP,401.75
16496,25,5,1916.29,2,Champions,414.48
16497,20,22,5280.29,0,Lost,1414.99
16500,148,4,608.05,1,At Risk,235.86
16503,31,10,3275.8,0,Lost,338.54
16511,84,4,1172.51,1,At Risk,587.98
16515,64,7,2174.26,1,At Risk,1004.8
16518,101,3,665.75,1,At Risk,293.62
16519,182,3,327.68,3,VIP,111.38
16523,17,15,5333.46,0,Lost,6582.87
16525,2,38,19310.96,0,Lost,4840.34
16526,401,1,426.85,3,VIP,290.36
16527,241,1,1004.88,3,VIP,228.06
16531,111,7,1538.57,1,At Risk,759.76
16532,156,3,3918.24,1,At Risk,4838.4
16535,202,2,378.28999999999996,3,VIP,593.75
16539,37,9,2954.46,0,Lost,335.2
16542,218,1,137.7,3,VIP,119.62
16545,193,1,350.52,3,VIP,339.3
16549,151,25,8866.39,0,Lost,3915.41
16550,2,16,7940.9400000000005,0,Lost,872.64
16551,154,5,1626.07,1,At Risk,611.05
16553,22,30,15595.37,0,Lost,988.64
16554,39,7,2318.73,0,Lost,522.99
16555,322,4,1629.79,1,At Risk,285.89
16556,19,14,6337.61,0,Lost,1674.97
16558,10,28,8416.2,0,Lost,4887.91
16560,175,7,2539.15,1,At Risk,509.23
16563,217,5,3334.82,1,At Risk,1077.74
16566,10,2,280.12,2,Champions,334.54
16569,448,4,1331.03,1,At Risk,124.2
16570,22,13,5169.14,0,Lost,2265.17
16571,99,8,3263.73,1,At Risk,985.01
16572,93,1,342.58,3,VIP,667.02
16573,107,1,292.63,3,VIP,370.98
16574,241,2,850.34,1,At Risk,451.44
16584,71,4,2832.03,1,At Risk,324.14
16589,267,1,153.12,3,VIP,459.24
16592,1,20,5215.21,0,Lost,2592.7
16593,7,7,996.61,2,Champions,74.53
16595,193,4,1397.59,1,At Risk,360.16
16596,183,3,329.48,3,VIP,129.5
16600,70,9,1577.3500000000001,1,At Risk,576.06
16601,208,2,434.3,3,VIP,242.7
16602,206,1,235.25,3,VIP,528.08
16607,25,18,4076.22,0,Lost,1630.65
16609,14,3,1987.6200000000001,2,Champions,3505.84
16612,4,7,2766.67,0,Lost,478.76
16614,219,2,673.6,3,VIP,506.19
16618,28,4,1441.29,2,Champions,1206.3
16620,78,5,1675.73,1,At Risk,83.2
16621,33,2,490.7,2,Champions,322.78
16624,14,1,426.43,2,Champions,384.14
16626,2,2,1391.8799999999999,2,Champions,3021.22
16628,35,4,842.96,2,Champions,1475.14
16633,51,1,447.52,3,VIP,2435.58
16637,43,1,303.62,3,VIP,850.85
16638,74,11,1910.8500000000001,1,At Risk,469.28000000000003
16639,24,3,961.62,2,Champions,786.36
16641,519,1,323.40000000000003,3,VIP,231.10000000000002
16642,25,2,696.85,2,Champions,380.6
16644,29,1,722.41,2,Champions,111.37
16647,22,3,455.59,2,Champions,86.31
16648,273,2,382.14,3,VIP,290.65999999999997
16650,237,6,1397.69,1,At Risk,518.42
16652,29,12,13831.04,0,Lost,3719.35
16654,4,7,1420.05,2,Champions,64.02
16655,3,9,3864.44,0,Lost,2558.82
16656,10,21,11764.85,0,Lost,5068.32
16657,72,1,215.43,3,VIP,659.0
16660,28,5,996.26,2,Champions,883.29
16666,438,1,98.73,3,VIP,118.98
16667,101,1,200.4,3,VIP,366.78
16668,31,9,678.28,2,Champions,184.14
16670,64,14,5882.47,0,Lost,2147.68
16672,2,10,4154.34,0,Lost,3980.6
16676,30,5,1868.28,2,Champions,493.62
16678,15,5,1266.65,2,Champions,1843.34
16680,345,2,637.75,3,VIP,183.7
16681,22,4,1027.34,2,Champions,894.5
16682,5,1,525.5,2,Champions,502.5
16684,23,40,105565.15,0,Lost,41577.62
16686,11,13,3116.82,0,Lost,1764.25
16690,19,3,213.95,2,Champions,139.07999999999998
16693,89,4,855.03,1,At Risk,324.45
16696,20,3,558.9000000000001,2,Champions,99.0
16700,18,19,6702.45,0,Lost,2128.32
16701,7,19,6716.72,0,Lost,3200.0099999999998
16705,25,30,36088.551,0,Lost,7426.5
16709,17,13,8010.73,0,Lost,1045.28
16710,24,18,5082.19,0,Lost,839.16
16711,119,6,1816.25,1,At Risk,1052.23
16712,29,6,1819.78,2,Champions,2413.09
16713,53,25,9816.41,0,Lost,4299.15
16715,380,1,323.8,3,VIP,301.71999999999997
16717,183,9,3127.85,1,At Risk,3535.83
16719,53,11,2719.08,0,Lost,794.54
16720,193,2,605.79,3,VIP,152.95
16722,1,15,5712.21,0,Lost,2477.35
16723,261,2,654.96,3,VIP,576.4
16726,13,6,1482.3,2,Champions,581.58
16728,54,2,326.93,3,VIP,721.35
16729,8,10,3118.74,0,Lost,4086.59
16730,51,2,480.94,2,Champions,262.17
16732,220,3,3783.89,1,At Risk,603.75
16735,57,11,5014.77,0,Lost,1202.64
16737,395,1,417.59999999999997,3,VIP,417.59999999999997
16739,354,1,463.43,3,VIP,323.0
16742,310,13,2334.97,1,At Risk,464.9
16743,28,10,3060.77,0,Lost,1151.38
16745,1,10,4109.4400000000005,0,Lost,3071.26
16746,11,32,14238.27,0,Lost,3808.48
16748,35,12,3031.63,0,Lost,605.7
16750,49,1,118.7,3,VIP,505.23
16755,43,6,2297.7200000000003,1,At Risk,566.96
16767,36,7,5125.22,0,Lost,2931.54
16768,89,7,1403.73,1,At Risk,294.84000000000003
16770,53,8,1671.21,1,At Risk,107.72
16771,92,8,3358.7400000000002,1,At Risk,590.86
16773,253,2,249.65,3,VIP,171.59
16774,240,4,905.96,1,At Risk,661.52
16775,23,9,1821.13,0,Lost,999.71
16776,233,1,220.97,3,VIP,371.54
16777,74,4,1243.08,1,At Risk,49.1
16778,91,1,93.18,3,VIP,152.76
16779,36,41,25978.07,0,Lost,6830.96
16780,76,2,336.05,3,VIP,260.35
16782,21,32,8704.52,0,Lost,931.6
16784,194,4,784.73,1,At Risk,107.6
16788,71,4,1629.01,1,At Risk,299.92
16791,30,12,2819.6,0,Lost,1138.03
16794,197,5,856.1999999999999,1,At Risk,1196.5
16801,10,3,1453.38,2,Champions,140.85
16804,87,1,118.05,3,VIP,418.94
16805,177,4,845.52,1,At Risk,245.82
16806,37,2,396.63,2,Champions,365.53
16807,33,5,1654.12,2,Champions,469.76
16808,91,1,166.5,3,VIP,121.92
16809,25,6,1155.82,2,Champions,571.61
16813,9,2,301.66,2,Champions,1350.52
16814,10,27,9606.01,0,Lost,2318.84
16816,130,2,325.45,3,VIP,91.61
16817,3,11,2135.38,0,Lost,425.32
16818,9,3,1147.97,2,Champions,2201.6
16824,211,1,225.6,3,VIP,460.64
16825,3,4,1370.41,2,Champions,456.48
16829,205,1,316.1,3,VIP,197.22
16830,260,3,881.59,1,At Risk,325.91
16833,77,5,1973.8,1,At Risk,435.24
16835,190,5,1357.56,1,At Risk,99.1
16836,223,2,530.5,3,VIP,251.87
16837,15,8,1814.74,0,Lost,1356.24
16839,3,24,12207.17,0,Lost,9551.08
16841,2,9,3079.42,0,Lost,926.64
16842,119,1,520.5699999999999,3,VIP,743.62
16843,14,25,13216.76,0,Lost,6354.67
16846,394,2,628.09,3,VIP,214.32
16847,435,1,421.45000000000005,3,VIP,193.44
16848,194,3,1130.2,1,At Risk,281.42
16856,235,2,323.09000000000003,3,VIP,35.400000000000006
16859,78,6,1444.44,1,At Risk,487.96999999999997
16861,207,3,772.83,1,At Risk,173.76
16863,184,2,495.72,3,VIP,338.55
16871,28,4,2037.82,2,Champions,774.52
16872,1,4,921.47,2,Champions,291.66
16873,15,9,10727.22,0,Lost,3890.17
16875,113,9,2944.09,1,At Risk,1290.44
16877,25,1,77.75,3,VIP,768.87
16880,6,2,591.66,2,Champions,1221.55
16882,56,2,215.70000000000002,3,VIP,489.41999999999996
16884,373,2,641.13,3,VIP,429.84000000000003
16885,174,2,412.14,3,VIP,272.46
16887,218,2,465.84000000000003,3,VIP,192.32999999999998
16891,189,7,1202.77,1,At Risk,525.17
16892,1,3,339.54,2,Champions,415.21
16895,256,4,900.63,1,At Risk,202.27
16898,186,3,496.26,1,At Risk,388.95
16899,24,4,772.26,2,Champions,923.51
16903,197,2,678.55,3,VIP,363.2
16904,42,11,2256.76,0,Lost,2418.6
16905,54,13,2491.35,0,Lost,2215.42
16906,4,6,1244.32,2,Champions,166.6
16907,51,7,1073.24,1,At Risk,397.65
16912,25,9,3050.79,0,Lost,1409.72
16915,65,7,1088.29,1,At Risk,454.89000000000004
16916,189,3,536.04,1,At Risk,365.98
16918,134,11,2413.5,1,At Risk,793.04
16919,9,22,4372.76,0,Lost,536.9
16921,259,2,255.03,3,VIP,154.18
16923,5,24,9772.79,0,Lost,3384.34
16927,93,2,341.45,3,VIP,201.6
16928,7,19,2184.89,0,Lost,1712.6399999999999
16931,12,11,2380.46,0,Lost,2651.76
16932,240,2,262.32,3,VIP,150.23000000000002
16933,56,8,2760.8,0,Lost,338.5
16934,201,4,1152.1100000000001,1,At Risk,931.03
16936,203,1,286.39,3,VIP,261.9
16938,126,6,4551.28,1,At Risk,2444.0800000000004
16940,107,6,4135.46,1,At Risk,2292.2
16942,6,4,898.54,2,Champions,1006.45
16945,19,22,5976.34,0,Lost,2571.82
16948,79,6,674.2900000000001,1,At Risk,194.48
16949,3,4,893.75,2,Champions,392.52
16950,184,8,2535.21,1,At Risk,1006.56
16951,121,1,1053.79,3,VIP,223.96
16952,258,3,628.22,1,At Risk,167.61
16954,72,14,4938.28,0,Lost,1143.6
16960,70,6,1685.36,1,At Risk,305.52
16961,205,2,560.39,3,VIP,234.17
16966,15,3,1154.3999999999999,2,Champions,1000.5699999999999
16969,9,1,397.36,2,Champions,253.05
16978,483,2,424.55,3,VIP,344.33
16979,115,4,1354.8899999999999,1,At Risk,1504.85
16983,88,7,2207.0,1,At Risk,1283.53
16984,221,7,5891.01,1,At Risk,4459.52
16985,29,19,8374.4,0,Lost,2548.7599999999998
16986,262,9,3015.55,1,At Risk,1873.2
16987,22,5,1117.65,2,Champions,1403.75
16988,197,1,256.55,3,VIP,126.12
16992,17,10,4533.34,0,Lost,943.1600000000001
16996,62,7,1367.5300000000002,1,At Risk,756.08
16998,21,4,394.1,2,Champions,7.9
17001,25,13,4453.17,0,Lost,2187.63
17002,33,6,2071.34,2,Champions,500.21
17004,209,2,1012.22,1,At Risk,1312.1399999999999
17006,209,4,853.49,1,At Risk,781.78
17007,19,5,692.9,2,Champions,427.2
17011,464,2,400.8,3,VIP,270.9
17015,2,1,520.55,2,Champions,1318.06
17017,22,20,8376.55,0,Lost,4200.44
17018,143,5,1772.6,1,At Risk,515.1
17019,79,10,3340.14,0,Lost,262.15
17022,250,1,189.0,3,VIP,71.0
17025,190,4,1152.87,1,At Risk,196.8
17027,100,6,866.3,1,At Risk,444.33
17029,54,6,1779.3,1,At Risk,358.0
17031,195,4,2393.5,1,At Risk,380.35
17033,31,3,910.75,2,Champions,422.04
17034,105,3,672.7,1,At Risk,603.72
17038,232,1,630.77,3,VIP,112.4
17040,367,1,13.52,3,VIP,449.73
17041,178,4,888.21,1,At Risk,766.99
17042,14,2,487.59,2,Champions,548.99
17043,83,5,1033.07,1,At Risk,1560.58
17044,192,11,11013.82,0,Lost,948.48
17045,65,3,528.19,1,At Risk,299.49
17046,261,4,1264.05,1,At Risk,642.02
17047,22,5,1937.76,2,Champions,351.47
17048,100,6,1906.73,1,At Risk,164.95000000000002
17049,32,13,5869.3,0,Lost,4073.23
17050,4,10,4080.34,0,Lost,568.25
17054,24,3,918.82,2,Champions,437.51
17058,16,2,819.66,2,Champions,360.23
17059,14,7,3281.85,0,Lost,1582.72
17061,10,7,3250.23,0,Lost,1982.0
17063,106,8,2496.76,1,At Risk,1141.77
17064,144,1,143.95,3,VIP,711.5
17068,6,37,7084.39,0,Lost,1903.29
17069,44,9,3880.6,0,Lost,1636.63
17070,227,1,133.18,3,VIP,304.24
17071,5,8,2408.7,0,Lost,1385.01
17075,70,9,2098.58,1,At Risk,138.05
17076,91,5,735.87,1,At Risk,506.88
17080,87,6,746.23,1,At Risk,211.29999999999998
17081,212,4,660.48,1,At Risk,288.91
17082,135,5,3365.12,1,At Risk,1366.91
17083,113,8,3640.03,1,At Risk,409.76
17084,213,1,2253.22,1,At Risk,2747.9900000000002
17085,68,27,7499.92,0,Lost,347.75
17088,71,1,1015.83,1,At Risk,975.1800000000001
17090,45,9,1754.58,0,Lost,1325.6000000000001
17091,3,15,5662.4,0,Lost,1833.3500000000001
17092,94,8,3872.28,1,At Risk,1639.13
17095,116,6,1792.05,1,At Risk,780.1999999999999
17096,79,8,2809.29,1,At Risk,888.64
17097,141,3,476.58,1,At Risk,666.78
17101,212,3,885.3199999999999,1,At Risk,1621.73
17105,123,1,319.4,3,VIP,346.38
17107,26,6,9372.6,0,Lost,6680.12
17109,49,4,875.01,2,Champions,416.7
17110,338,2,336.59999999999997,3,VIP,163.29999999999998
17111,242,1,227.97,3,VIP,231.61
17114,25,4,444.44,2,Champions,356.68
17115,50,5,2234.01,1,At Risk,527.48
17122,205,3,432.18,3,VIP,138.32
17123,257,2,631.87,3,VIP,345.29999999999995
17126,117,6,1528.65,1,At Risk,487.78
17133,7,8,12208.880000000001,0,Lost,2413.4500000000003
17134,82,2,530.8,3,VIP,94.5
17135,107,5,1083.0,1,At Risk,639.18
17139,28,17,13621.89,0,Lost,5944.87
17146,80,12,5666.74,0,Lost,185.9
17147,24,7,2458.47,0,Lost,741.48
17155,345,5,640.76,1,At Risk,251.70000000000002
17157,297,17,4832.9,1,At Risk,319.0
17158,50,4,1411.58,1,At Risk,568.42
17159,295,2,560.71,3,VIP,1538.88
17160,42,13,7896.2,0,Lost,2312.96
17162,8,8,1165.28,2,Champions,550.1800000000001
17163,263,2,406.68,3,VIP,293.1
17164,30,2,943.22,2,Champions,1524.13
17166,21,1,127.59,2,Champions,78.75
17169,395,1,320.95,3,VIP,835.78
17172,248,2,638.81,3,VIP,317.76
17175,113,1,519.08,3,VIP,924.61
17179,49,5,1283.78,1,At Risk,223.48
17180,58,10,2005.6,0,Lost,231.17
17181,191,2,225.45000000000002,3,VIP,84.39999999999999
17188,132,9,3543.14,1,At Risk,1049.79
17189,176,4,796.45,1,At Risk,157.18
17190,24,6,1476.83,2,Champions,249.74
17191,9,13,3392.36,0,Lost,917.98
17193,203,2,610.74,3,VIP,1699.3000000000002
17198,182,2,521.66,3,VIP,170.56
17201,341,3,853.3199999999999,1,At Risk,289.78
17203,205,4,2004.01,1,At Risk,3560.08
17204,58,7,5190.29,0,Lost,314.4
17205,233,2,615.27,3,VIP,384.08
17211,50,10,2710.07,0,Lost,1063.28
17213,133,9,3025.12,1,At Risk,1844.28
17214,66,4,611.97,1,At Risk,447.15000000000003
17218,31,13,2883.0,0,Lost,1008.39
17219,234,1,144.9,3,VIP,114.23
17220,23,12,2732.59,0,Lost,1724.72
17221,409,3,642.14,1,At Risk,334.48
17222,294,5,1250.86,1,At Risk,328.65
17227,74,8,1305.76,1,At Risk,573.1700000000001
17228,25,9,1601.52,0,Lost,1218.51
17231,7,21,5644.83,0,Lost,1419.97
17233,265,2,369.98,3,VIP,190.88
17235,189,7,1354.82,1,At Risk,208.16
17236,59,10,1576.95,1,At Risk,352.31
17237,193,2,679.44,3,VIP,314.69
17238,2,24,5144.41,0,Lost,2187.26
17242,274,3,1754.24,1,At Risk,1135.04
17243,54,54,14440.03,0,Lost,5763.55
17244,200,4,871.14,1,At Risk,954.9
17248,299,1,181.89000000000001,3,VIP,318.65
17250,78,1,162.65,3,VIP,219.32
17252,3,1,337.01,2,Champions,11.9
17254,218,1,198.29,3,VIP,271.19
17255,116,3,598.48,1,At Risk,183.22
17256,129,4,386.83,1,At Risk,112.10000000000001
17259,185,5,1239.11,1,At Risk,213.28
17262,44,10,2190.76,0,Lost,298.0
17266,316,2,205.14,3,VIP,296.58
17268,61,9,1246.73,1,At Risk,487.15999999999997
17272,16,2,1409.44,2,Champions,739.1899999999999
17274,213,1,465.4,3,VIP,107.82
17282,117,3,1346.98,1,At Risk,961.56
17284,53,4,2063.93,1,At Risk,724.13
17286,217,2,237.81,3,VIP,151.37
17287,23,18,3278.14,0,Lost,548.72
17288,24,9,1714.5,0,Lost,753.93
17289,193,6,1110.78,1,At Risk,931.02
17290,199,6,974.95,1,At Risk,513.01
17293,125,10,2365.92,1,At Risk,1384.71
17298,191,3,455.84000000000003,3,VIP,498.42
17299,256,2,336.62,3,VIP,656.61
17301,441,1,131.15,3,VIP,163.24
17302,26,2,303.12,2,Champions,832.51
17306,21,10,4346.7,0,Lost,5435.650000000001
17309,198,2,237.64000000000001,3,VIP,82.75
17311,134,5,2738.17,1,At Risk,828.39
17314,74,12,3163.51,0,Lost,1740.92
17315,9,25,6219.8,0,Lost,3379.7799999999997
17320,53,5,2154.33,1,At Risk,290.52
17321,211,4,1008.05,1,At Risk,657.16
17323,32,7,935.59,2,Champions,615.45
17324,149,10,1886.82,1,At Risk,284.25
17329,132,4,718.78,1,At Risk,279.75
17330,362,2,59.900000000000006,3,VIP,363.9
17337,28,3,1948.11,2,Champions,32.95
17338,22,14,9016.64,0,Lost,2872.69
17339,182,2,119.0,3,VIP,183.36
17340,10,11,13067.47,0,Lost,6550.4800000000005
17341,183,3,1006.53,1,At Risk,265.68
17344,546,1,299.74,3,VIP,157.62
17345,14,8,1192.32,2,Champions,394.31
17346,4,17,3305.57,0,Lost,1693.04
17348,115,5,1445.84,1,At Risk,996.45
17349,197,4,674.16,1,At Risk,98.25
17350,211,3,612.381,1,At Risk,1281.32
17351,90,10,1599.68,1,At Risk,388.55
17353,309,2,1502.0,1,At Risk,1740.0
17354,245,3,1740.8999999999999,1,At Risk,1393.06
17359,465,1,156.6,3,VIP,127.86
17360,1,4,953.17,2,Champions,247.34
17361,3,4,647.51,2,Champions,224.28
17364,21,22,9595.69,0,Lost,2377.23
17365,17,11,5310.12,0,Lost,2874.37
17368,76,9,1768.34,1,At Risk,989.95
17371,178,4,329.11,1,At Risk,326.26
17372,60,24,3751.18,0,Lost,596.13
17373,130,4,665.83,1,At Risk,501.67
17376,128,3,356.29,3,VIP,97.35
17377,73,65,15183.57,0,Lost,2460.7
17381,21,25,29941.17,0,Lost,6457.48
17382,253,7,836.88,1,At Risk,65.4
17383,270,1,110.69999999999999,3,VIP,193.39000000000001
17384,36,2,398.8,2,Champions,108.75
17386,202,1,126.35000000000001,3,VIP,2686.42
17388,28,9,2179.01,0,Lost,496.36
17389,2,41,30509.19,0,Lost,26706.14
17396,189,7,1476.3,1,At Risk,6933.3
17397,233,1,516.87,3,VIP,681.41
17398,27,2,528.45,2,Champions,124.92999999999999
17400,27,7,3832.06,0,Lost,791.22
17402,50,14,2786.08,0,Lost,1849.48
17403,268,1,118.95,3,VIP,263.92
17404,29,14,29727.92,0,Lost,18053.2
17408,317,2,283.44000000000005,3,VIP,32.65
17410,32,1,302.4,2,Champions,912.3199999999999
17411,78,3,932.02,1,At Risk,493.36
17412,13,13,3671.98,0,Lost,548.24
17414,2,5,2069.52,2,Champions,180.0
17416,14,18,13853.04,0,Lost,3445.41
17418,141,2,373.99,3,VIP,296.07
17419,67,13,3945.48,0,Lost,2180.77
17420,191,4,485.6,1,At Risk,467.98
17422,38,7,2243.46,0,Lost,1351.3
17423,35,2,869.96,2,Champions,248.99
17426,99,8,4234.39,1,At Risk,3843.38
17428,30,30,21498.73,0,Lost,9968.03
17429,2,4,1208.68,2,Champions,148.78
17430,182,3,469.40999999999997,1,At Risk,153.16
17432,202,7,1363.23,1,At Risk,365.76
17433,202,1,266.8,3,VIP,303.15999999999997
17436,44,4,440.15999999999997,2,Champions,93.89999999999999
17440,65,3,261.78,3,VIP,61.8
17442,38,11,3186.57,0,Lost,1433.73
17446,127,1,68.10000000000001,3,VIP,52.800000000000004
17449,51,9,3671.63,0,Lost,1196.52
17450,10,19,106153.72,0,Lost,138630.53
17457,22,13,5644.75,0,Lost,340.06
17458,199,1,213.08,3,VIP,316.5
17460,43,15,1998.1200000000001,0,Lost,159.85000000000002
17462,101,1,463.40999999999997,3,VIP,212.28
17463,51,4,1585.11,1,At Risk,950.15
17464,339,2,617.1800000000001,3,VIP,289.96000000000004
17468,192,1,57.8,3,VIP,137.0
17469,22,13,3485.64,0,Lost,1565.6100000000001
17470,35,9,2124.5099999999998,0,Lost,501.96000000000004
17480,262,1,370.40999999999997,3,VIP,511.82
17483,231,1,177.69,3,VIP,414.04
17489,30,1,208.56,2,Champions,168.07999999999998
17490,205,2,658.18,3,VIP,2092.32
17491,1,11,3419.66,0,Lost,2234.01
17495,208,1,309.16,3,VIP,497.56
17505,23,4,1776.63,2,Champions,658.85
17510,238,1,206.07999999999998,3,VIP,308.48
17511,23,44,116820.89,0,Lost,55311.98
17512,17,14,3845.25,0,Lost,1622.57
17513,226,2,645.6,3,VIP,513.2
17514,486,1,313.35,3,VIP,208.65
17515,23,8,1534.86,2,Champions,67.65
17516,34,4,634.63,2,Champions,312.87
17519,24,12,3885.75,0,Lost,888.4200000000001
17521,16,3,714.41,2,Champions,563.65
17522,24,2,248.42,2,Champions,822.29
17526,108,11,3616.14,0,Lost,323.1
17527,35,1,292.11,2,Champions,647.26
17530,23,8,1789.83,0,Lost,1001.86
17534,268,4,1445.47,1,At Risk,223.36
17536,238,2,288.33,3,VIP,76.5
17537,120,1,620.75,3,VIP,266.92
17540,133,5,1280.5,1,At Risk,310.1
17545,207,3,767.54,1,At Risk,642.32
17552,189,10,2154.88,1,At Risk,631.89
17553,290,3,2270.0,1,At Risk,1487.6
17555,152,4,760.88,1,At Risk,284.86
17557,550,1,34.0,3,VIP,541.46
17560,21,6,1526.9,2,Champions,368.90000000000003
17561,208,3,537.9,1,At Risk,165.12
17567,50,5,2380.57,1,At Risk,2457.5099999999998
17571,95,3,563.54,1,At Risk,1067.37
17572,56,8,577.6600000000001,1,At Risk,74.55
17576,31,31,6549.7,0,Lost,2162.25
17579,395,1,304.38,3,VIP,448.90000000000003
17581,30,28,10345.49,0,Lost,7605.68
17584,284,4,4067.12,1,At Risk,1242.3
17585,80,5,1469.56,1,At Risk,595.15
17588,50,5,2096.55,1,At Risk,843.0
17589,4,16,12645.19,0,Lost,1192.75
17591,20,6,1762.92,2,Champions,576.4
17593,170,7,4831.36,1,At Risk,3260.96
17594,72,3,1819.7,1,At Risk,678.18
17596,8,9,2971.98,0,Lost,1519.48
17602,141,9,3067.06,1,At Risk,4287.37
17603,435,3,1393.66,1,At Risk,394.72
17608,266,2,296.07,3,VIP,191.99
17609,119,8,1313.37,1,At Risk,574.53
17611,18,19,6375.25,0,Lost,1962.28
17612,32,14,4012.16,0,Lost,1382.7
17613,12,7,2512.41,0,Lost,2032.14
17615,21,5,664.5,2,Champions,57.3
17616,72,3,571.1999999999999,1,At Risk,163.2
17618,65,10,3696.84,0,Lost,304.8
17621,129,5,2697.0,1,At Risk,478.12
17623,226,6,1838.72,1,At Risk,527.0500000000001
17624,35,3,1125.45,2,Champions,443.18
17625,75,5,4500.53,1,At Risk,1478.3700000000001
17629,32,5,1247.59,2,Champions,1207.93
17630,49,1,335.5,3,VIP,168.1
17631,49,5,772.71,1,At Risk,225.78
17633,197,3,732.55,1,At Risk,1324.84
17634,30,5,1811.29,2,Champions,547.3
17640,196,5,2547.28,1,At Risk,621.66
17642,246,3,1112.2,1,At Risk,712.29
17644,20,12,4054.73,0,Lost,1973.8700000000001
17647,486,2,198.6,3,VIP,133.06
17648,10,4,1526.26,2,Champions,690.11
17649,287,2,710.4,3,VIP,868.49
17651,316,6,1758.52,1,At Risk,3945.0
17652,8,3,1443.6000000000001,2,Champions,3424.1200000000003
17655,27,6,1940.14,2,Champions,1036.24
17658,28,1,317.59999999999997,2,Champions,277.82
17659,2,7,1715.55,2,Champions,1871.44
17660,554,1,163.47,3,VIP,178.75
17663,15,13,4163.7300000000005,0,Lost,1012.1
17664,29,3,887.78,2,Champions,278.45
17666,295,3,1319.6399999999999,1,At Risk,728.16
17667,28,7,3251.86,0,Lost,698.84
17669,27,6,4346.63,0,Lost,1795.72
17671,28,3,1223.18,2,Champions,785.98
17672,126,6,3778.3,1,At Risk,2000.33
17673,3,10,3612.0099999999998,0,Lost,561.87
17674,186,1,300.66,3,VIP,250.38
17675,5,52,25013.81,0,Lost,12628.67
17676,183,5,1378.16,1,At Risk,1070.48
17677,29,35,24958.16,0,Lost,10100.3
17679,339,5,1585.5,1,At Risk,1992.1100000000001
17680,200,2,313.05,3,VIP,184.4
17682,10,8,2698.36,0,Lost,1366.92
17685,84,10,3811.84,0,Lost,1643.1100000000001
17686,17,6,5594.1,0,Lost,2702.71
17690,4,15,5269.78,0,Lost,1694.02
17692,44,11,2858.32,0,Lost,117.47999999999999
17694,329,2,1412.85,1,At Risk,283.12
17695,211,3,980.7,1,At Risk,765.34
17696,3,23,6231.47,0,Lost,1448.1200000000001
17700,30,12,5270.9,0,Lost,1409.07
17702,23,3,1759.47,2,Champions,1384.57
17703,235,1,296.1,3,VIP,798.74
17704,57,1,387.29,3,VIP,497.90000000000003
17705,32,5,617.68,2,Champions,1466.22
17706,5,19,10958.93,0,Lost,9313.22
17709,287,4,533.56,1,At Risk,137.45
17711,107,1,220.53000000000003,3,VIP,164.57
17716,66,15,11752.6,0,Lost,4204.37
17719,7,5,1971.46,2,Champions,3424.58
17720,42,8,2003.35,0,Lost,663.56
17722,7,4,3197.06,2,Champions,323.16
17723,8,4,1263.8000000000002,2,Champions,2114.6000000000004
17725,9,4,1269.63,2,Champions,2169.45
17728,221,2,1362.75,1,At Risk,2876.01
17730,3,12,4506.72,0,Lost,3267.08
17731,438,2,468.88,3,VIP,1240.11
17733,79,1,216.95000000000002,3,VIP,475.24
17734,51,4,854.67,1,At Risk,587.65
17735,4,17,9801.47,0,Lost,6988.86
17738,99,10,3084.43,1,At Risk,1099.13
17739,14,14,6010.01,0,Lost,1720.58
17742,150,10,2045.94,1,At Risk,52.54
17744,67,5,1615.7,1,At Risk,1033.44
17749,73,2,720.67,1,At Risk,305.51
17754,77,9,3050.81,1,At Risk,1400.41
17757,8,41,5910.4,0,Lost,3163.65
17758,25,7,2607.71,0,Lost,2356.32
17759,210,2,441.92,3,VIP,819.96
17760,190,5,631.34,1,At Risk,115.05
17764,28,4,971.69,2,Champions,541.88
17765,28,3,414.67,2,Champions,109.33
17767,227,1,141.85,3,VIP,271.2
17768,204,4,1210.83,1,At Risk,2081.9
17769,96,9,3972.71,1,At Risk,3080.67
17771,140,3,257.4,3,VIP,130.01
17772,210,1,187.3,3,VIP,173.45
17774,66,7,2655.09,1,At Risk,618.74
17781,70,1,102.0,3,VIP,86.02
17783,65,2,205.9,3,VIP,171.06
17785,262,2,271.44,3,VIP,131.94
17786,134,1,103.35,3,VIP,163.5
17787,122,3,1668.52,1,At Risk,149.02
17790,16,15,1712.1200000000001,0,Lost,1067.29
17795,82,1,155.69,3,VIP,187.14000000000001
17796,130,6,1160.49,1,At Risk,75.9
17797,212,5,1191.44,1,At Risk,780.43
17799,59,16,4594.99,0,Lost,1651.94
17800,34,3,354.85,2,Champions,832.36
17802,189,8,3761.38,1,At Risk,1184.84
17805,427,1,414.72,3,VIP,512.31
17809,35,14,7324.68,0,Lost,2761.21
17811,4,26,5793.66,0,Lost,3726.14
17812,185,4,405.48,1,At Risk,506.51
17816,86,4,80.86,3,VIP,15.25
17817,94,5,670.17,1,At Risk,117.97999999999999
17819,12,10,5185.2,0,Lost,835.8499999999999
17827,59,5,1969.31,1,At Risk,406.86
17828,2,1,833.16,2,Champions,986.93
17830,79,2,287.65000000000003,3,VIP,111.05
17838,109,11,4538.84,0,Lost,1065.8
17841,1,136,40286.63,0,Lost,28258.62
17848,66,25,3046.28,0,Lost,512.8299999999999
17852,206,3,543.47,1,At Risk,114.34
17856,50,3,1142.63,1,At Risk,275.4
17857,24,10,9251.84,0,Lost,18095.2
17858,78,24,9982.79,0,Lost,2535.86
17861,70,12,3448.39,0,Lost,1639.9
17863,72,9,3572.38,0,Lost,1788.1
17864,93,3,522.57,1,At Risk,354.0
17865,22,33,19947.53,0,Lost,6364.66
17866,301,2,805.3000000000001,1,At Risk,329.65
17867,20,11,1028.23,0,Lost,553.82
17869,32,5,696.42,2,Champions,117.22
17870,184,2,1213.8,1,At Risk,1539.49
17873,1,17,5993.29,0,Lost,272.04
17878,212,2,999.48,1,At Risk,379.45
17883,63,4,443.43,1,At Risk,544.99
17884,129,19,2593.94,0,Lost,104.53
17886,28,5,1080.98,2,Champions,491.57
17888,29,20,1260.17,0,Lost,547.27
17894,102,16,2052.62,0,Lost,251.96
17897,184,8,1968.75,1,At Risk,131.14
17898,24,3,246.96,2,Champions,52.22
17901,339,2,149.7,3,VIP,110.38
17905,169,11,1772.78,1,At Risk,406.09000000000003
17913,173,13,3238.69,1,At Risk,190.6
17917,73,2,226.71,3,VIP,108.32
17919,256,1,536.28,3,VIP,1304.04
17920,17,42,20974.920000000002,0,Lost,2606.86
17921,83,7,1852.2,1,At Risk,542.16
17924,119,3,797.4000000000001,1,At Risk,2460.3
17926,21,4,849.9300000000001,2,Champions,185.56
17928,63,2,206.96,3,VIP,134.28
17929,72,10,2674.1,0,Lost,408.0
17930,56,9,2925.34,0,Lost,1349.8799999999999
17931,73,13,3291.08,0,Lost,111.16000000000001
17932,28,1,589.01,2,Champions,742.56
17934,224,1,344.90000000000003,3,VIP,704.25
17935,218,5,540.35,1,At Risk,145.79
17937,75,4,3327.48,1,At Risk,973.74
17940,35,11,29662.29,0,Lost,644.5
17941,408,3,1128.72,1,At Risk,304.56
17949,6,88,69435.59999999999,0,Lost,47878.48
17950,182,6,947.26,1,At Risk,219.03
17951,175,3,741.5400000000001,1,At Risk,599.0400000000001
17954,1,15,3006.69,0,Lost,797.69
17958,545,1,465.42,3,VIP,508.4599999999999
17960,340,2,61.300000000000004,3,VIP,73.78
17961,13,81,2444.69,0,Lost,422.05
17962,366,3,564.55,1,At Risk,102.41
17964,189,1,261.76,3,VIP,201.45
17965,70,21,5731.24,0,Lost,1275.41
17966,2,7,1148.99,2,Champions,814.93
17969,178,19,2251.29,0,Lost,103.0
17974,37,4,1199.17,2,Champions,539.92
17975,9,18,4993.24,0,Lost,1703.09
17977,217,1,1223.31,3,VIP,288.14
17979,77,2,231.67,3,VIP,500.74
17980,21,3,764.02,2,Champions,248.7
17984,209,4,999.51,1,At Risk,152.68
17988,144,8,353.41,1,At Risk,136.13
17994,7,10,2149.32,0,Lost,120.71000000000001
17999,183,2,338.41,3,VIP,190.05
18001,267,4,509.01,1,At Risk,415.13
18006,199,3,524.83,1,At Risk,444.68
18008,20,21,19708.3,0,Lost,50.78
18016,3,5,959.76,2,Champions,994.8
18017,127,2,330.0,3,VIP,358.0
18018,16,3,213.3,2,Champions,84.69
18022,202,4,894.53,1,At Risk,612.72
18034,193,1,335.52,3,VIP,418.68
18035,202,2,546.34,3,VIP,713.89
18036,63,9,1252.32,1,At Risk,293.17
18037,42,14,158.22,2,Champions,9.2
18040,63,1,239.0,3,VIP,118.2
18041,30,30,6473.01,0,Lost,1545.76
18042,359,1,116.1,3,VIP,165.04999999999998
18043,24,2,421.59,2,Champions,107.7
18044,15,14,2300.22,0,Lost,1205.39
18053,343,2,271.05,3,VIP,300.02
18055,21,10,6743.83,0,Lost,3398.81
18058,358,2,603.9,3,VIP,170.16
18061,24,23,5155.02,0,Lost,928.79
18062,38,5,1398.07,2,Champions,234.6
18064,52,10,4075.83,0,Lost,406.0
18065,1,23,4885.95,0,Lost,980.6800000000001
18066,204,2,1122.4,1,At Risk,318.0
18069,52,8,3129.69,0,Lost,1335.23
18073,2,3,504.24,2,Champions,3355.5800000000004
18075,21,16,4442.26,0,Lost,1341.03
18077,44,11,2373.7599999999998,0,Lost,1705.03
18079,56,2,2203.61,1,At Risk,2000.32
18080,60,1,841.4999999999999,3,VIP,390.0
18084,200,2,704.75,3,VIP,90.47999999999999
18087,108,16,13908.72,0,Lost,852.8
18092,2,14,10295.5,0,Lost,4398.22
18093,115,6,3463.71,1,At Risk,989.0
18094,36,9,5151.42,0,Lost,1240.1000000000001
18096,259,3,808.81,1,At Risk,849.06
18097,22,8,3422.08,0,Lost,1205.8400000000001
18101,191,3,399.61,3,VIP,222.4
18102,2,101,396971.37,0,Lost,184015.67
18109,11,23,4022.4700000000003,0,Lost,5533.24
18110,228,1,193.48000000000002,3,VIP,198.8
18112,235,2,420.67,3,VIP,352.69
18116,51,12,1970.93,0,Lost,163.56
18118,4,18,4099.28,0,Lost,2121.7400000000002
18123,330,1,92.2,3,VIP,574.4399999999999
18125,19,3,933.9,2,Champions,197.85
18127,220,1,209.05,3,VIP,347.08
18135,7,6,677.53,2,Champions,572.09
18136,29,4,1447.88,2,Champions,183.48000000000002
18142,33,1,282.48,2,Champions,737.04
18144,29,14,3609.85,0,Lost,1283.1
18145,22,9,3771.97,0,Lost,1837.77
18146,37,1,76.65,3,VIP,83.7
18149,32,6,1491.56,2,Champions,62.400000000000006
18150,19,1,227.57999999999998,2,Champions,339.0
18151,107,5,1538.64,1,At Risk,340.8
18154,206,3,533.41,1,At Risk,399.19
18155,109,1,113.93,3,VIP,257.69
18156,187,1,186.88,3,VIP,488.76
18160,17,2,684.37,2,Champions,319.51
18161,70,3,730.73,1,At Risk,1072.3700000000001
18168,21,15,3320.35,0,Lost,115.15
18170,34,7,2201.9,0,Lost,676.1
18171,56,6,1670.59,1,At Risk,766.72
18172,28,39,13625.72,0,Lost,3841.52
18173,16,4,2318.36,2,Champions,378.0
18174,421,1,58.5,3,VIP,104.0
18177,21,7,1588.55,2,Champions,627.77
18178,37,10,5612.87,0,Lost,490.87
18179,69,6,1857.54,1,At Risk,690.01
18181,217,4,821.49,1,At Risk,366.85
18188,107,4,1706.15,1,At Risk,1574.44
18189,85,2,946.59,1,At Risk,457.14
18193,198,2,963.59,1,At Risk,243.76
18194,255,5,3188.2000000000003,1,At Risk,973.8399999999999
18196,107,3,1221.34,1,At Risk,235.85
18198,5,11,3500.7900000000004,0,Lost,1924.77
18203,199,3,332.1,3,VIP,160.42000000000002
18204,9,1,540.98,2,Champions,1434.37
18210,84,2,289.85,3,VIP,2478.98
18211,96,1,137.9,3,VIP,462.17
18215,254,4,1933.15,1,At Risk,299.34000000000003
18217,331,2,323.29,3,VIP,621.75
18219,32,12,2195.2400000000002,0,Lost,1157.46
18221,2,3,920.34,2,Champions,504.6
18223,23,19,10273.79,0,Lost,3727.06
18225,21,19,9177.91,0,Lost,3836.89
18226,3,21,9251.17,0,Lost,2627.71
18229,1,17,6083.51,0,Lost,4067.0
18230,24,5,2735.1600000000003,2,Champions,1555.9
18232,10,2,370.98,2,Champions,221.99
18235,34,1,430.46000000000004,2,Champions,1366.02
18236,3,8,1217.6100000000001,2,Champions,577.74
18241,35,5,1279.73,2,Champions,1707.26
18242,13,6,2066.8,2,Champions,1538.41
18245,29,17,5064.21,0,Lost,1260.77
18246,50,2,395.62,2,Champions,363.2
18248,3,1,496.46000000000004,2,Champions,307.56
18251,262,8,21964.14,1,At Risk,4314.72
18252,366,5,1015.42,1,At Risk,518.27
18255,273,1,199.85,3,VIP,103.3
18257,24,7,2983.72,0,Lost,1616.43
18259,183,5,1979.6000000000001,1,At Risk,1962.3000000000002
18260,23,22,9520.130000000001,0,Lost,427.13
18262,210,2,428.06,3,VIP,149.48
18263,70,1,307.59999999999997,3,VIP,905.56
18268,408,5,1464.73,1,At Risk,25.5
18270,83,2,273.35,3,VIP,171.20000000000002
18272,42,5,2287.94,1,At Risk,2098.04
18273,75,2,204.0,3,VIP,153.0
18276,210,5,1320.66,1,At Risk,335.86
18277,214,4,1069.67,1,At Risk,110.38
18278,222,1,240.3,3,VIP,173.9
18281,395,1,120.32,3,VIP,80.82
18283,18,11,1134.89,0,Lost,1530.01
18287,19,5,3110.99,2,Champions,1072.0
